fnames,pothole %
00aqq56m.jpg,1
00c9sdfq.jpg,1
00jjy9i3.jpg,0
00q3q8py.jpg,0
00yf8rxj.jpg,1
01jyy8yk.jpg,0
01lx7dej.jpg,3
01paoyy0.jpg,8
02f4ee5p.jpg,1
02ld1b80.jpg,0
02oxhx7t.jpg,1
02p3im8e.jpg,0
02tbllvk.jpg,0
033mywd5.jpg,10
037ixv8i.jpg,0
03ktj7hp.jpg,1
0486wull.jpg,6
04tuacho.jpg,4
04v26w5i.jpg,0
05539ldd.jpg,0
059v7dfr.jpg,1
05kp6zwl.jpg,0
05vpdhwn.jpg,7
06248sj2.jpg,0
062rpsl7.jpg,0
068kigkq.jpg,4
06pw5i6a.jpg,0
06vef9s7.jpg,3
06wemho2.jpg,1
07g549gj.jpg,0
07toknod.jpg,0
0836y8b5.jpg,10
088afxq7.jpg,1
089psive.jpg,2
08bradgz.jpg,1
08eekqwh.jpg,9
08kliu69.jpg,0
08kp3r6m.jpg,0
08mhulk6.jpg,2
08nw5ur2.jpg,0
096j0dg4.jpg,2
09a3x6lh.jpg,1
09azmbt4.jpg,0
0a9kzasw.jpg,1
0av740bq.jpg,0
0b28dz29.jpg,0
0ba07d02.jpg,0
0bao2ebx.jpg,5
0bep6k5v.jpg,1
0bn0qmym.jpg,24
0bqrf4qe.jpg,0
0c14jivc.jpg,0
0c43onyh.jpg,0
0ckafs2j.jpg,1
0crofl9e.jpg,0
0d1kpoj9.jpg,0
0ddbexw5.jpg,0
0dfm50lg.jpg,3
0dfn9sju.jpg,11
0dpfk39j.jpg,0
0du5icfr.jpg,38
0e3kidbx.jpg,4
0e49wb5l.jpg,0
0e920g0e.jpg,1
0e9ut2l7.jpg,0
0e9ytskk.jpg,1
0f2av95u.jpg,12
0fot9xkx.jpg,2
0fsdvfdw.jpg,45
0fu23ahc.jpg,30
0fudotuv.jpg,2
0fup8312.jpg,1
0gg0xbof.jpg,0
0gnxokvi.jpg,8
0gzzp0qx.jpg,0
0hcsdjnu.jpg,0
0hhhtqli.jpg,3
0hrmjfqx.jpg,1
0i4iakfv.jpg,4
0ib8nkkv.jpg,5
0ixyu5r3.jpg,5
0jdpuelo.jpg,2
0kf0vfiw.jpg,4
0kkvp6ub.jpg,0
0km71apf.jpg,5
0l2x26ir.jpg,0
0l5k5my7.jpg,0
0l67kefu.jpg,2
0lcyvfws.jpg,1
0lfa00z0.jpg,5
0m4hcijg.jpg,0
0mbhbw2j.jpg,0
0mn50784.jpg,10
0n4iv2wy.jpg,6
0ohxzjk1.jpg,4
0oq0bmaq.jpg,0
0p0jprga.jpg,2
0p7owgt2.jpg,0
0pbkr05d.jpg,0
0pdzaxwk.jpg,6
0qcty84w.jpg,3
0qipshhp.jpg,4
0qjhaz00.jpg,0
0qtnv5y7.jpg,0
0r0hr6zl.jpg,0
0r0phzkz.jpg,2
0r5j874g.jpg,0
0rr0ir7q.jpg,0
0ru4f61k.jpg,2
0s6ygyps.jpg,5
0t1brdpw.jpg,0
0t2a9xco.jpg,4
0to7zwln.jpg,0
0u3qadhq.jpg,0
0v3gk5yt.jpg,12
0vjiilzn.jpg,0
0vsj9aad.jpg,5
0wbvofjx.jpg,0
0wn7edls.jpg,0
0wsdiq2h.jpg,1
0wxxx4p4.jpg,7
0wze1brb.jpg,3
0x9tpmg7.jpg,0
0xej33it.jpg,0
0xh1lmbg.jpg,0
0xj66lys.jpg,0
0xpu8y13.jpg,0
0y6ql9yx.jpg,0
0ya7sch0.jpg,0
0yfazukx.jpg,8
0yfbieot.jpg,0
0ylt8zjf.jpg,6
0zapx7c0.jpg,0
0zsyin4e.jpg,0
0zv5ywrc.jpg,5
100ekfvj.jpg,5
108xz7on.jpg,1
10rjzyid.jpg,0
10xehm2g.jpg,0
114pfj02.jpg,0
11lm3qw2.jpg,4
120tvj1e.jpg,6
1251fng9.jpg,7
1269ty2b.jpg,1
126ujqsa.jpg,0
12d6m32y.jpg,0
12dn1jc8.jpg,2
12ewp8nz.jpg,0
12hj8djs.jpg,1
13vwopbu.jpg,0
14325lro.jpg,3
1479ukpo.jpg,11
14bxpebf.jpg,0
14cn3i9i.jpg,6
14gq8muy.jpg,5
14s98kyb.jpg,5
14ssbvxh.jpg,0
14u7zxmq.jpg,0
150jlihn.jpg,1
15fc2xyb.jpg,1
15nugrcs.jpg,0
15pqcy2f.jpg,8
15sct1sz.jpg,0
15v3mphx.jpg,1
16e9mbsi.jpg,3
16oi9y8x.jpg,0
16tgic48.jpg,6
17shajnd.jpg,0
18ttbpuu.jpg,0
18xenf2c.jpg,9
190i2ufr.jpg,0
19he638h.jpg,1
19kdkail.jpg,1
1a2boa2x.jpg,0
1a9gimij.jpg,0
1agdhww0.jpg,0
1aimlwpb.jpg,0
1aizp5cg.jpg,0
1aoyvaz3.jpg,0
1b4lqip9.jpg,0
1bgq67zh.jpg,2
1bi0tk5h.jpg,1
1bk7u769.jpg,0
1bwzlg1b.jpg,1
1c4l2vda.jpg,1
1c8d4j64.jpg,3
1ceyep8j.jpg,4
1cpegdkj.jpg,0
1cu3802z.jpg,0
1dbe5ih9.jpg,0
1dn781d1.jpg,0
1eaytwgf.jpg,1
1erq9trp.jpg,3
1f1odmgv.jpg,0
1f3jzjjf.jpg,19
1fknfn6i.jpg,0
1fp85ezb.jpg,0
1ftc9rkv.jpg,15
1g9yv3hc.jpg,5
1gevdz9j.jpg,0
1gy1ag10.jpg,2
1h1d2l6p.jpg,15
1h5rh175.jpg,6
1hsda9ml.jpg,0
1i04a6e7.jpg,0
1inlkdi3.jpg,0
1iqwv24m.jpg,0
1j5y0094.jpg,1
1ji03d9k.jpg,0
1ji7p5g6.jpg,0
1jvo3vd3.jpg,7
1kw3c51k.jpg,0
1kx3brke.jpg,0
1kx4i5wi.jpg,0
1l4gnx7t.jpg,8
1l9bt6jl.jpg,7
1lbbz7v0.jpg,0
1lexyb64.jpg,0
1lkcv0gi.jpg,32
1lmvdsf3.jpg,5
1lqlkojl.jpg,0
1m65wixk.jpg,0
1m8nv1sa.jpg,0
1mfshpos.jpg,2
1mk0lg0l.jpg,0
1mnaa3p7.jpg,0
1no7mxct.jpg,0
1o57x0qq.jpg,7
1og75cxi.jpg,1
1p60mwqt.jpg,0
1pc7fa41.jpg,4
1pridnos.jpg,0
1pux5m9q.jpg,5
1qbe3qg4.jpg,1
1qgkw60u.jpg,0
1qogvcxz.jpg,2
1qt3f6fc.jpg,5
1re0z6p3.jpg,2
1rkxkvjv.jpg,3
1rnfhayt.jpg,0
1s5wwgyj.jpg,3
1s86ln26.jpg,1
1s902aem.jpg,1
1sgjywkw.jpg,0
1skodsf2.jpg,21
1te1k7xk.jpg,0
1tg58hhd.jpg,0
1th9iu0b.jpg,1
1tjls5zk.jpg,3
1tkb0yly.jpg,3
1ue22rw9.jpg,5
1uw6wtot.jpg,1
1uzk2ia2.jpg,0
1vfb24sk.jpg,3
1vmuqc5t.jpg,1
1voor3od.jpg,1
1vwvopip.jpg,0
1w410xyv.jpg,2
1w6myuwi.jpg,0
1wqnhryo.jpg,0
1x08id5r.jpg,7
1x9azzbv.jpg,0
1xajfxqp.jpg,4
1xya005c.jpg,1
1yalsl7e.jpg,1
1yu6apcb.jpg,0
1zajtf19.jpg,0
1ztujaar.jpg,0
200ca6py.jpg,0
20290d5z.jpg,1
20c5lwpr.jpg,1
20edu6s7.jpg,1
20kenaq4.jpg,0
21qbljkk.jpg,1
22gstl10.jpg,1
22raxrdn.jpg,3
22xqjh60.jpg,0
23462wuq.jpg,0
23gnmjcy.jpg,0
23k2h47h.jpg,0
23no3rdk.jpg,5
23oz9fxx.jpg,0
23r1sfz3.jpg,1
23se5k2f.jpg,0
23t2i5gb.jpg,0
23xw0rzg.jpg,0
24dyo7oc.jpg,0
24isw96h.jpg,0
24kj9s1f.jpg,2
25048gds.jpg,0
250j1b0z.jpg,2
25r3ic1e.jpg,0
25sw5agx.jpg,0
25vee60f.jpg,0
25xjviag.jpg,0
26v64z2x.jpg,0
26w8hxiz.jpg,0
27wsxnyd.jpg,0
28zfjaj7.jpg,0
296nhy4g.jpg,5
298v1ex8.jpg,0
29acjt8z.jpg,6
29djp5qq.jpg,0
29jpq2ts.jpg,1
29pslpvk.jpg,7
29syt1cs.jpg,0
29yrpgxj.jpg,0
2a5m2nus.jpg,0
2agofj8q.jpg,3
2asxllag.jpg,0
2atnuxv9.jpg,7
2axzbx4n.jpg,0
2b7w9tgf.jpg,1
2bbpydui.jpg,0
2bsvr9be.jpg,2
2bwt5b7c.jpg,0
2c0dgt6z.jpg,0
2cmd0yno.jpg,15
2ctfz7iu.jpg,1
2d2b2r6i.jpg,2
2d6pm7bt.jpg,3
2dlljkf9.jpg,4
2dxdssi4.jpg,3
2e032at4.jpg,0
2e7b637n.jpg,0
2eg528li.jpg,1
2ein1fw2.jpg,4
2eoo94sr.jpg,5
2erxjdk7.jpg,45
2fhl3dfa.jpg,0
2foo3vmw.jpg,0
2frdc1tc.jpg,0
2fw3mppd.jpg,0
2g3i0u1h.jpg,1
2goucg83.jpg,1
2gwfllzf.jpg,2
2h7cd9z7.jpg,1
2hfaeuf5.jpg,0
2hhp7stx.jpg,0
2hofwcm5.jpg,0
2i2qkd4o.jpg,0
2icntcqe.jpg,0
2ii6syta.jpg,0
2j8xg4vh.jpg,0
2jfyaeev.jpg,4
2klntr72.jpg,4
2kmb9ja1.jpg,0
2l07dd2a.jpg,0
2l1kgp6h.jpg,0
2l2ltyzm.jpg,0
2lbjtw8v.jpg,2
2lgmq9hp.jpg,1
2lmyqp3i.jpg,1
2lvrvk6h.jpg,0
2lykv3b1.jpg,1
2m1d7tsa.jpg,0
2mipfykh.jpg,0
2mmweomb.jpg,0
2mwtay7f.jpg,2
2oiw142g.jpg,0
2opx9qe9.jpg,0
2oy4t80u.jpg,0
2oze4znd.jpg,13
2p4pwqx9.jpg,4
2q5aqerx.jpg,0
2q87nyc3.jpg,0
2q9xib0b.jpg,0
2qi8fhfz.jpg,14
2qm0on6f.jpg,1
2s8ecr78.jpg,0
2s98w808.jpg,1
2sff1ifs.jpg,0
2spm4n05.jpg,0
2t1m2qw2.jpg,42
2tdoq251.jpg,6
2tezsm17.jpg,1
2u281661.jpg,11
2u5t8wbn.jpg,1
2u9i70i2.jpg,0
2ue88ii6.jpg,29
2uiq8dvw.jpg,0
2v2x3go8.jpg,0
2v7vzxzn.jpg,7
2velblzo.jpg,0
2vn6tz1u.jpg,0
2wbkc6mt.jpg,4
2wcliir8.jpg,0
2wj7ju59.jpg,0
2wkf0x6n.jpg,0
2wkjp10i.jpg,0
2wsxvxhj.jpg,7
2xcgrfro.jpg,0
2xow1l7e.jpg,0
2xry06k5.jpg,11
2xyqsgjg.jpg,1
2z6sx3ql.jpg,3
2zn7sg9s.jpg,0
2zr1kafv.jpg,0
2zwhhxy4.jpg,0
2zyg7x84.jpg,0
30323va3.jpg,1
309n9696.jpg,0
30ick3rb.jpg,3
30v5td2x.jpg,1
30yw506b.jpg,0
30zis8ku.jpg,2
314fk8gr.jpg,3
31kt9xby.jpg,1
31tces7h.jpg,14
32k3ag2d.jpg,0
32wi3inw.jpg,0
330cs74q.jpg,0
33i0hmfb.jpg,0
33ign4ws.jpg,5
33qm5p4l.jpg,2
347ossv2.jpg,0
34bkbpmc.jpg,1
34mhr9ys.jpg,1
34nobr25.jpg,0
34pv8zdy.jpg,0
34u9iowe.jpg,5
34vxrxxd.jpg,4
359tcg2m.jpg,0
35xx2qwt.jpg,0
367mfe9j.jpg,0
368m67zg.jpg,2
36nd09t1.jpg,1
36qid2yz.jpg,0
373uzxny.jpg,0
37g0tso2.jpg,0
37hkkx3a.jpg,0
37r8wzqb.jpg,1
37rl2694.jpg,0
3820gkmx.jpg,0
384cdpj3.jpg,0
386eqf81.jpg,0
38ljymlj.jpg,6
38t9ebvq.jpg,0
390xsydo.jpg,0
39f2fp5g.jpg,1
39gorzix.jpg,0
39roqny3.jpg,8
3aqa4y00.jpg,0
3avrtdnr.jpg,2
3b29kt7q.jpg,1
3b36t596.jpg,0
3bgyp5u1.jpg,0
3bypnwh6.jpg,0
3cc6kd7a.jpg,8
3cv3hgaz.jpg,0
3d46dvvw.jpg,2
3dfahvdc.jpg,0
3dfuby7e.jpg,0
3dgsfanf.jpg,30
3dhp094p.jpg,1
3dsrl4c9.jpg,0
3ehr4ppg.jpg,0
3etljxvh.jpg,0
3ewej28o.jpg,0
3f6kdqpf.jpg,0
3f845o7q.jpg,4
3fju5yk5.jpg,2
3fn0hxst.jpg,0
3fou7z5y.jpg,0
3fwghg9b.jpg,1
3fzhm8sj.jpg,1
3g5ntd29.jpg,8
3ggt5bho.jpg,0
3hhdmmyi.jpg,0
3hislu13.jpg,0
3hjnrdby.jpg,1
3i6e5q30.jpg,0
3ibtzemi.jpg,2
3inaj8fa.jpg,0
3indoe7o.jpg,0
3ipyd93v.jpg,4
3izc6idj.jpg,2
3j7epzfy.jpg,2
3je539xt.jpg,1
3jt48285.jpg,0
3k3w3vmb.jpg,0
3kasaxb3.jpg,0
3kzsu266.jpg,0
3lb1pfdu.jpg,2
3lgb56mh.jpg,3
3lll4s1s.jpg,0
3lsj71vg.jpg,4
3m3ubot4.jpg,3
3mbqwr10.jpg,0
3mg3t6z7.jpg,0
3mszecxg.jpg,7
3n720haj.jpg,3
3o2quw92.jpg,0
3o563sni.jpg,3
3p07qt5f.jpg,0
3pey5dpq.jpg,0
3phm2w7s.jpg,3
3pmib70k.jpg,0
3po2fkjd.jpg,0
3puacusz.jpg,7
3qgaapc9.jpg,2
3qm3y21j.jpg,0
3qmqgf1h.jpg,0
3qpo06rm.jpg,4
3r0nankj.jpg,0
3rptlwkm.jpg,0
3rs33cco.jpg,2
3rth25tl.jpg,1
3s7ravyc.jpg,0
3s8yp1r2.jpg,0
3sgsvelt.jpg,0
3stkn066.jpg,0
3su6j3ah.jpg,4
3sv0ombz.jpg,1
3sz9erhb.jpg,2
3t5n2of3.jpg,0
3t5rmtr9.jpg,1
3uevfrx8.jpg,2
3ufkm82o.jpg,0
3uh6czvd.jpg,0
3urrzlud.jpg,12
3uzdp9w2.jpg,0
3v3k2igt.jpg,1
3v6viw36.jpg,0
3v87qllg.jpg,0
3vj4gaa9.jpg,1
3w4jpkrl.jpg,2
3wktdntu.jpg,1
3wrqf1ws.jpg,5
3wsots2s.jpg,21
3wxnm1br.jpg,1
3x1qi0rt.jpg,0
3xe2isd9.jpg,12
3xg3d2q6.jpg,0
3xvp6x9e.jpg,0
3y3qmqou.jpg,0
3ycn7wrz.jpg,5
3z7k710p.jpg,2
3zaqdj90.jpg,0
3zaztb44.jpg,18
3zgatlpq.jpg,0
3zjiuarx.jpg,0
3zvlsdpe.jpg,0
405yn6xw.jpg,4
40e6mnr6.jpg,0
40edv8fa.jpg,2
40x910zg.jpg,3
41q9bxkp.jpg,0
41rdjzza.jpg,0
4215d5vv.jpg,0
4229dbpz.jpg,8
4252ihbr.jpg,0
432r73zf.jpg,0
43xgpcmj.jpg,0
442b9660.jpg,0
44bg4lz6.jpg,0
44q45cw6.jpg,0
44qyg0hs.jpg,0
45imhldr.jpg,6
45j26ftk.jpg,1
45taoc74.jpg,1
462nmv94.jpg,18
468svj3e.jpg,0
46e2epbc.jpg,3
46f0yyjd.jpg,0
46i9savp.jpg,0
46s3tivm.jpg,0
46tve39b.jpg,3
478joudd.jpg,0
47d28v2a.jpg,0
47z4pch8.jpg,11
47zk0enn.jpg,0
480xynfo.jpg,1
485smuzm.jpg,8
48uybuxp.jpg,7
49d9mogg.jpg,0
49njehml.jpg,0
49xq8vpf.jpg,2
4a57rot8.jpg,1
4aan13wb.jpg,0
4adex7fz.jpg,0
4alknn5d.jpg,1
4am82s4z.jpg,2
4aogeho5.jpg,0
4b7hfikh.jpg,0
4bb65u9s.jpg,1
4bbec3bs.jpg,0
4bce1sjm.jpg,2
4blf7aye.jpg,1
4bwiar17.jpg,4
4c5plxyk.jpg,23
4cbo3y8b.jpg,2
4dppsfet.jpg,0
4dx743a1.jpg,0
4dy0quie.jpg,0
4dyykkrv.jpg,2
4e3b2doh.jpg,0
4eppidub.jpg,0
4f81ml23.jpg,5
4f8tw32n.jpg,0
4fykmtvl.jpg,0
4g710ow5.jpg,0
4gbt7v1m.jpg,0
4gi34es2.jpg,48
4gih3w9b.jpg,1
4gvjaqx5.jpg,1
4hythccd.jpg,25
4i87yyh9.jpg,1
4jhx8375.jpg,0
4jlg8f58.jpg,28
4jmu3qo9.jpg,0
4k5w6sru.jpg,0
4ktvd1cn.jpg,0
4le81fef.jpg,0
4led3l4w.jpg,0
4m7ghyzr.jpg,3
4miu5ode.jpg,0
4mk0vdrc.jpg,6
4msrl8s7.jpg,0
4n8gb4xy.jpg,0
4nhgn8ds.jpg,1
4nrd7pix.jpg,3
4nv5mxag.jpg,3
4oaztjhu.jpg,7
4ohl8trj.jpg,2
4op657vl.jpg,0
4oxmwhj6.jpg,0
4py5myq5.jpg,3
4q3fmkor.jpg,0
4q5x6xk3.jpg,1
4qdr37y0.jpg,0
4qha8hyu.jpg,0
4qsljhic.jpg,0
4qtu1nes.jpg,6
4qxgt6f5.jpg,1
4rig923h.jpg,0
4rr6oafi.jpg,0
4ruiyu6d.jpg,0
4rv2w5ba.jpg,0
4ry9qdvq.jpg,4
4s0f6cnl.jpg,6
4s3dfiai.jpg,0
4sexgbot.jpg,0
4si8zuip.jpg,1
4swqot39.jpg,4
4syh58ce.jpg,3
4tbhdue3.jpg,6
4tfi05ph.jpg,0
4thzrcup.jpg,6
4udsus8z.jpg,0
4ul4jjx8.jpg,1
4upcsof6.jpg,0
4v38rrq1.jpg,10
4v4d6qir.jpg,6
4v6aopf5.jpg,1
4v6rzifk.jpg,1
4vg8m40a.jpg,1
4vq8lzw4.jpg,7
4vuavkk8.jpg,1
4vuvdj9e.jpg,8
4w7le8xs.jpg,1
4wcw3mp6.jpg,3
4we9uxei.jpg,5
4wf5trai.jpg,0
4wm3o9hh.jpg,0
4wvgeohj.jpg,20
4wy8nvgl.jpg,1
4x4t1d65.jpg,0
4x89af05.jpg,4
4xbc7zp5.jpg,3
4xljbo1j.jpg,2
4xvtgyni.jpg,21
4y19m6tg.jpg,0
4y1mnpd4.jpg,1
4y2zn3bp.jpg,0
4y8hvk10.jpg,1
4yedoumh.jpg,3
4ykclqer.jpg,2
4yl3wds5.jpg,16
4yqzk6sk.jpg,8
4yyufen8.jpg,0
4zai67bx.jpg,3
4zbn5gqs.jpg,16
4zho8oz4.jpg,8
4zhrk643.jpg,0
4zm77a9n.jpg,6
4zr1yl1y.jpg,0
4zsiz03w.jpg,0
50s1im7u.jpg,0
50sbrm9b.jpg,3
50xtmx5x.jpg,0
511920be.jpg,0
516nz2v0.jpg,0
51a62sn2.jpg,0
51b5ij6u.jpg,7
51dkrtt0.jpg,2
51imqiht.jpg,0
51t5fz0g.jpg,0
52gq6o4v.jpg,1
52nmewbz.jpg,0
52rw80ws.jpg,0
534m9srt.jpg,17
5372tj4p.jpg,0
53gem788.jpg,3
53iax3w6.jpg,0
53yxklbl.jpg,2
54qmvci2.jpg,0
54rzj894.jpg,14
55473nvf.jpg,0
557g0nyi.jpg,2
55dgy9i8.jpg,3
55iftkl6.jpg,5
55o1x14e.jpg,0
560z5eml.jpg,3
567fw46j.jpg,0
56smam1e.jpg,6
572t46oy.jpg,0
57a24fic.jpg,3
57eij1dx.jpg,0
57fsdj6s.jpg,8
57pi8ay4.jpg,1
57saylv2.jpg,1
583sjho4.jpg,11
585cj6nl.jpg,0
58iz0wqy.jpg,12
58wo7lwk.jpg,0
59dk1x1a.jpg,0
59kzup44.jpg,8
59torgiv.jpg,0
5a0cj8wt.jpg,0
5a5h3mq6.jpg,0
5abbf5he.jpg,0
5acoh760.jpg,26
5ag49n9l.jpg,0
5amgmga2.jpg,0
5amkw92k.jpg,5
5an4b5uf.jpg,0
5aoajqru.jpg,0
5b3o7q8j.jpg,0
5b72ja3u.jpg,2
5b7qat3y.jpg,0
5ba6vduc.jpg,0
5bf9xdfe.jpg,17
5birubo5.jpg,1
5c67viwm.jpg,1
5crjjqhh.jpg,18
5dszhzmh.jpg,12
5ea7kgbo.jpg,0
5eac9h2l.jpg,6
5ef6jag9.jpg,5
5el3u6e1.jpg,1
5f8qcsl2.jpg,0
5fbqz47w.jpg,0
5fc8k9dn.jpg,7
5fdf27s9.jpg,4
5ffuo0h8.jpg,3
5fkdiguc.jpg,0
5fnau18d.jpg,3
5fpatp6l.jpg,0
5ft5syz9.jpg,0
5ftdsdk9.jpg,0
5fzdg2e2.jpg,6
5g65stv3.jpg,5
5gmyvxmq.jpg,1
5gp4yeem.jpg,5
5gsetf25.jpg,0
5gt15frj.jpg,0
5h8cn9li.jpg,0
5hvntkwh.jpg,2
5hvyeqcd.jpg,1
5iasd80z.jpg,1
5ikd3y8f.jpg,0
5il030oj.jpg,0
5j6q4cnr.jpg,0
5ji65ux5.jpg,0
5jl5w756.jpg,0
5jlw0xcx.jpg,5
5jmk2gh2.jpg,2
5jrk4bv2.jpg,2
5jyo08vi.jpg,0
5l1ns2jp.jpg,2
5l2vu0yw.jpg,0
5l74sfva.jpg,3
5lpxo9l4.jpg,7
5lrr1r1g.jpg,13
5lu4j10u.jpg,1
5nf1ohx2.jpg,0
5niqmvu4.jpg,0
5nv86m6p.jpg,10
5ovbml9b.jpg,8
5ovsoguv.jpg,0
5pk2gan3.jpg,1
5pxcta1f.jpg,0
5q1t1j69.jpg,5
5q5t4s14.jpg,0
5q67zuar.jpg,8
5qdn9b2v.jpg,0
5qtftldu.jpg,5
5r2qalfk.jpg,0
5rdxb5n0.jpg,3
5rfglroc.jpg,6
5s6n4oop.jpg,4
5ss3x4tg.jpg,0
5sues0es.jpg,0
5t24u8r7.jpg,0
5t717kwo.jpg,0
5tb3jdoq.jpg,3
5tclewq1.jpg,0
5u15a0bh.jpg,0
5uhrnffg.jpg,4
5unu5knq.jpg,3
5v6xe7ry.jpg,2
5v72lm8x.jpg,24
5vevfxvl.jpg,0
5vh0rfle.jpg,2
5vmt2pjs.jpg,0
5vvnzz9e.jpg,1
5vzo6ia5.jpg,0
5w5q8tku.jpg,0
5wa2gjh2.jpg,4
5wgfw1zc.jpg,0
5wjxenwe.jpg,36
5x0lgeoy.jpg,0
5x2aqf59.jpg,0
5x4ugfkz.jpg,26
5x85kb4l.jpg,0
5x8h1fon.jpg,0
5xlpwqlq.jpg,0
5xmzksjb.jpg,0
5xp9hplp.jpg,1
5xuf3sos.jpg,0
5y10qprj.jpg,0
5y3wwb0x.jpg,4
5y8jlwai.jpg,0
5yq6d158.jpg,4
5zkn52j2.jpg,4
60a91dw4.jpg,14
60qs0l87.jpg,1
60qzzqyf.jpg,0
61c9zm0n.jpg,7
61ct9lkq.jpg,0
61lfufyn.jpg,0
61rdx9gw.jpg,4
637cisqv.jpg,7
63fpxsjc.jpg,0
63vofy1w.jpg,7
6455wj8g.jpg,0
6459hg8o.jpg,17
64b8e6i9.jpg,22
64ju2x4f.jpg,0
654kbgpk.jpg,0
65l8uvc8.jpg,1
65me3y2g.jpg,0
65qmrev7.jpg,2
661bbhbb.jpg,0
668ma5gj.jpg,0
66hhz3b1.jpg,2
66u080rf.jpg,3
670241nf.jpg,1
67bfg3dp.jpg,2
67cvvnb7.jpg,1
67nip8uw.jpg,5
67rlilol.jpg,0
680c29c3.jpg,0
6852u2i9.jpg,0
68bnxyfx.jpg,7
697jzz46.jpg,0
69h0w7s5.jpg,6
69h7ioal.jpg,7
69qebokj.jpg,1
69wijw8k.jpg,0
69xonr0c.jpg,6
6a0543bo.jpg,0
6a4jrw62.jpg,3
6aadsc42.jpg,1
6ao21kst.jpg,1
6asfylu2.jpg,0
6b0lk4f0.jpg,0
6b15t7u3.jpg,7
6b33q7w5.jpg,3
6bicd9g4.jpg,6
6blto1xw.jpg,0
6c4sbsuw.jpg,6
6cl2mgzv.jpg,0
6clf5qkv.jpg,0
6coveq19.jpg,1
6cq8mlbp.jpg,0
6ctthgmf.jpg,1
6dg4o2xa.jpg,1
6dn3f3uh.jpg,2
6ds5o84l.jpg,0
6dvlkhbd.jpg,0
6dvqkjd3.jpg,0
6e6om6rb.jpg,0
6e9cbd7p.jpg,1
6ethi8rq.jpg,1
6ewtthab.jpg,0
6ezitpwp.jpg,0
6f3ujemp.jpg,3
6fah9o7u.jpg,2
6fpixgih.jpg,4
6fv5sqti.jpg,0
6g6fvnmu.jpg,0
6gnr4brx.jpg,0
6hakdj7h.jpg,1
6ibj1whc.jpg,1
6idytcjs.jpg,6
6igjky34.jpg,6
6ihacai2.jpg,3
6inoivpp.jpg,4
6jcywm8d.jpg,0
6jnb14ck.jpg,7
6jqk12cg.jpg,0
6jvx3rce.jpg,6
6k6ivegw.jpg,0
6kb9sqd6.jpg,0
6kbrzrmd.jpg,0
6lwds1q2.jpg,0
6m9eu989.jpg,4
6mc1tkmj.jpg,7
6mdxugk8.jpg,18
6mtyiap9.jpg,0
6mwadu3g.jpg,0
6n9fj5mq.jpg,0
6ncyjnhy.jpg,1
6nga14t8.jpg,1
6np1owhm.jpg,1
6oparxh2.jpg,0
6p248v41.jpg,0
6p902udt.jpg,2
6prm47nj.jpg,0
6ptqbg4t.jpg,13
6pu1gq2y.jpg,0
6q6su08a.jpg,8
6qe1ykey.jpg,0
6qk5de01.jpg,0
6qta9629.jpg,0
6r22ngfw.jpg,8
6rfxfcsm.jpg,0
6roinquk.jpg,0
6rvcch0t.jpg,0
6rwn15ka.jpg,0
6s3ghd33.jpg,0
6sfj7hat.jpg,7
6si542cs.jpg,0
6soaeipz.jpg,0
6te6woxi.jpg,0
6tv2kyxy.jpg,7
6ty16yey.jpg,0
6uav374b.jpg,1
6uc4s3k9.jpg,3
6uc6w3n1.jpg,0
6upfvlp2.jpg,0
6uu31zx7.jpg,2
6v6ubu81.jpg,0
6vilgruj.jpg,0
6vp3bcbl.jpg,4
6vs63lei.jpg,0
6wee9ikn.jpg,6
6wk9rdkj.jpg,0
6wl05gbq.jpg,3
6wmbaalo.jpg,5
6x4gvaql.jpg,1
6xlfwv5a.jpg,3
6xms35og.jpg,0
6xrtpzso.jpg,38
6xut0vbq.jpg,7
6xxog1rm.jpg,12
6yiludoy.jpg,0
6zdm8mzo.jpg,4
6zqt95m1.jpg,0
6zwlpbu5.jpg,4
712e8gct.jpg,2
712lb0b3.jpg,0
718prbkh.jpg,1
71cvb7s0.jpg,0
71rtecy5.jpg,5
71umehj4.jpg,0
726n41el.jpg,0
726rrwln.jpg,1
72qiyixr.jpg,7
72sdctho.jpg,0
736niyw7.jpg,6
73hdy8xg.jpg,1
73jtydbp.jpg,2
73lu0ycx.jpg,7
73rn3lak.jpg,1
74d3aspn.jpg,2
74kfqpjo.jpg,0
750hfujy.jpg,3
75jfxe0i.jpg,1
75k1ub7u.jpg,10
75ta376s.jpg,17
75u1l6rx.jpg,0
762vubpy.jpg,8
76698pyt.jpg,0
767zugfg.jpg,1
76i8gmyd.jpg,0
77ew3rjl.jpg,0
77jb5i3d.jpg,9
77mlq0sl.jpg,0
77tp2mp4.jpg,8
77u8h4cg.jpg,3
77zpxv3n.jpg,0
78piwtop.jpg,0
78tapjki.jpg,0
79449kld.jpg,0
79987u22.jpg,0
79iiqaud.jpg,1
79oy77qp.jpg,1
79wfbg0k.jpg,0
7adfp347.jpg,6
7afkypct.jpg,2
7au0xkth.jpg,1
7av27j7m.jpg,0
7b5kgkne.jpg,2
7bf2ij8z.jpg,0
7bggjhwz.jpg,0
7bnpnskp.jpg,3
7box18vu.jpg,0
7bttwwqs.jpg,0
7c6yhprg.jpg,0
7djmrf4o.jpg,4
7dlbpnwy.jpg,1
7e9vf2v4.jpg,1
7ej7vylf.jpg,1
7entpno3.jpg,2
7ep4te9h.jpg,0
7er7kivg.jpg,0
7evbe7t9.jpg,1
7f0e7hgq.jpg,0
7fgazzj8.jpg,1
7foskx88.jpg,3
7fsdz383.jpg,0
7fveyopl.jpg,1
7gaapl5v.jpg,1
7gip7lwn.jpg,0
7gkv6m4c.jpg,6
7hqf24ta.jpg,2
7hre8eb9.jpg,5
7hysby1x.jpg,1
7i67osup.jpg,0
7i8dqqzd.jpg,0
7i94a50s.jpg,0
7ibyczoe.jpg,1
7jlzjeyg.jpg,1
7jtapiy9.jpg,0
7jwo8khx.jpg,1
7k07vn08.jpg,0
7klgkm8p.jpg,2
7l7vx11a.jpg,0
7lzgz084.jpg,0
7mt53os7.jpg,7
7my5tn8f.jpg,2
7namgo2h.jpg,0
7nhed4ej.jpg,0
7nibjmm7.jpg,5
7nmc7mtr.jpg,0
7ntw56di.jpg,0
7nuvhjin.jpg,1
7nwk0j0x.jpg,0
7nz1pkf3.jpg,0
7od5qlrd.jpg,1
7ofi3dr7.jpg,0
7ogh0f1k.jpg,0
7olehyn0.jpg,0
7ombddum.jpg,1
7oonsrq9.jpg,3
7p1zpwil.jpg,0
7p3xazp5.jpg,1
7pdvk4kx.jpg,1
7pky5uvn.jpg,1
7pwi2yok.jpg,0
7q1r4v9e.jpg,3
7qfa0r0e.jpg,3
7qilz4g3.jpg,1
7qnh8pu6.jpg,0
7rlgs6eq.jpg,2
7s4s14s0.jpg,1
7skhemdf.jpg,0
7sontm3d.jpg,3
7spt3dzi.jpg,0
7syk5adi.jpg,0
7t9g0dm0.jpg,0
7tv84pza.jpg,0
7tvn7no2.jpg,4
7u41itfy.jpg,0
7u8u7rym.jpg,0
7udlfw0d.jpg,3
7uj4qn5t.jpg,0
7ur6u58d.jpg,0
7valknaw.jpg,10
7vph6ovg.jpg,30
7vxldc4e.jpg,0
7w7i2ie4.jpg,0
7wbpfqc5.jpg,0
7wj5imnp.jpg,2
7wk99kq4.jpg,3
7wukp8t6.jpg,0
7wy9sj8h.jpg,0
7x5k5hww.jpg,0
7xc1g23k.jpg,1
7xfco1pr.jpg,0
7xma7t3r.jpg,0
7y6oju94.jpg,7
7y7yr796.jpg,0
7y8tjsyx.jpg,0
7yh9px6a.jpg,8
7ykvyh1a.jpg,3
7zh4tn3v.jpg,0
7znp4w3r.jpg,26
7zp8pty6.jpg,7
804lqwe9.jpg,2
807vlk0z.jpg,6
809h3cx5.jpg,1
80h9adqy.jpg,12
80igngzq.jpg,0
80rl9mn3.jpg,6
80zs5yju.jpg,0
81a4khf3.jpg,1
81ao4ooj.jpg,2
81mjyutp.jpg,8
81tdqnw1.jpg,0
81zhmuld.jpg,5
821lqava.jpg,0
82497ya0.jpg,5
82g2hgkn.jpg,0
83om5eti.jpg,4
840s5ya8.jpg,5
842u7iah.jpg,2
84azr84v.jpg,0
84dr6lqo.jpg,0
84z6n0h6.jpg,4
85auct6a.jpg,0
85lnz4ib.jpg,0
85sqk9fk.jpg,0
863frwfw.jpg,0
86ca7ikh.jpg,0
86f1o7hu.jpg,16
86fmg7dk.jpg,0
86xr3msv.jpg,0
87p0dwlp.jpg,0
87uyn7dp.jpg,0
885wa3zt.jpg,0
886imayl.jpg,0
8874q2cz.jpg,1
88nqdri7.jpg,0
88y93p2q.jpg,2
88yupy95.jpg,0
896sq24e.jpg,0
898gqjrb.jpg,0
89g2bkjn.jpg,0
89h5v97t.jpg,0
89ou5w1w.jpg,7
89vvdkiv.jpg,2
8a9tzd1a.jpg,0
8abzgkud.jpg,1
8ak27ayp.jpg,3
8al77bnz.jpg,0
8aop0uoz.jpg,0
8asxybv6.jpg,1
8b56uia6.jpg,4
8bh0onzy.jpg,7
8buipm93.jpg,36
8bwzlb7w.jpg,0
8c0j356l.jpg,1
8c48juxo.jpg,2
8c49n48i.jpg,3
8cx9ahmx.jpg,5
8d8f1aj9.jpg,0
8dnyd5iz.jpg,1
8e5uw815.jpg,2
8e95zp8t.jpg,0
8emrlx0s.jpg,0
8f382zmi.jpg,5
8f5bsphp.jpg,4
8f5swau1.jpg,4
8f6a522i.jpg,1
8fjtudt3.jpg,5
8g311nec.jpg,4
8gfjnw4c.jpg,4
8gfqu3ek.jpg,0
8gg6zjth.jpg,0
8gmfll7m.jpg,2
8gwie5ve.jpg,1
8gzb0k8y.jpg,0
8h2kplxm.jpg,0
8h3mj57u.jpg,2
8h5m0hfk.jpg,6
8hd3s2sn.jpg,4
8hvst2pa.jpg,20
8iep4qmc.jpg,0
8ifda5yh.jpg,0
8ih7avy9.jpg,0
8iians93.jpg,0
8jba55ei.jpg,1
8jj0p7x1.jpg,1
8jpnvwvd.jpg,0
8js4kl0l.jpg,9
8ju1xeo6.jpg,2
8k7zc20c.jpg,0
8kj5qa18.jpg,0
8kkdjv4j.jpg,3
8kuj7ok2.jpg,1
8ky74sik.jpg,0
8l21n4d2.jpg,0
8lw5k0sz.jpg,12
8mx5gdfk.jpg,26
8nhh8bn2.jpg,8
8nm2562u.jpg,0
8nxcubb9.jpg,0
8o0vn4bc.jpg,0
8o84u2ed.jpg,0
8p6fzxv7.jpg,0
8pg7ojqj.jpg,21
8pq8n6wi.jpg,1
8q05vm1o.jpg,0
8qfo1req.jpg,7
8rj5oakv.jpg,2
8rosmqwp.jpg,16
8rpnx7gk.jpg,0
8rs3fjry.jpg,0
8sbynlmj.jpg,3
8shn2ggy.jpg,0
8tbncj7g.jpg,2
8tbziqv4.jpg,0
8tg2bjqv.jpg,2
8tyl1luo.jpg,3
8u9d1oo7.jpg,2
8u9xhfqt.jpg,0
8ucovtdm.jpg,0
8uuwans4.jpg,0
8v0lntk8.jpg,11
8vad297h.jpg,4
8vkdjcy8.jpg,1
8vmkcxdg.jpg,1
8vsn1ui7.jpg,27
8wgjjh06.jpg,0
8wphnyyo.jpg,0
8wprtzka.jpg,22
8wvrc6ub.jpg,0
8xgvpr4q.jpg,0
8xqi1gug.jpg,0
8xu5e9vb.jpg,3
8xy3f683.jpg,0
8yamjk4c.jpg,1
8yapwv2g.jpg,0
8z2zl4pc.jpg,1
8zk3wr3y.jpg,1
8zl8zsle.jpg,0
8zowgzhi.jpg,0
902r2adi.jpg,0
90oxkgtm.jpg,4
9109z2m0.jpg,0
915cedgg.jpg,0
91g26gqg.jpg,0
91ox5jim.jpg,0
91p1ypy3.jpg,1
91y9t5k1.jpg,0
92e9tavv.jpg,1
92h0udm8.jpg,0
92hn1pgq.jpg,0
92ucbcqg.jpg,0
93278l6l.jpg,3
935n2fqp.jpg,0
93dmwsh0.jpg,7
93flkloe.jpg,0
93kaihd7.jpg,0
93xmhgqz.jpg,1
94bxs3xs.jpg,0
94kyx4zq.jpg,0
94lxosvh.jpg,0
94n7f31h.jpg,0
94p1v1on.jpg,1
951vyu2r.jpg,0
95bmpkou.jpg,0
95bsvd7v.jpg,0
95xn0wdo.jpg,0
95y7xeac.jpg,0
95ygni89.jpg,0
96j4d489.jpg,0
96llhfqz.jpg,1
96oiuma8.jpg,5
96v2kvgx.jpg,0
96w4mtol.jpg,0
97v1njuz.jpg,0
98546qkb.jpg,2
9875fuw9.jpg,0
987wqx7p.jpg,0
98bfnpnk.jpg,1
98ppnu2y.jpg,0
9918y681.jpg,2
999xwmqk.jpg,1
99d7q5l5.jpg,1
99i4yuma.jpg,0
99j0hvzb.jpg,1
9a8q09xx.jpg,0
9aboj1od.jpg,1
9av19rhy.jpg,8
9awvy0ue.jpg,0
9b8yhgzq.jpg,0
9b8zyeqk.jpg,0
9c24m3pc.jpg,1
9cen1u3q.jpg,1
9cfcon9d.jpg,6
9chewt59.jpg,10
9cl2d09w.jpg,4
9crii799.jpg,0
9d35cm8z.jpg,2
9eqivjr0.jpg,0
9f2gn0n3.jpg,0
9faj7g3p.jpg,3
9flo6b40.jpg,1
9fluqxh4.jpg,41
9fwtdn6y.jpg,9
9gcsvdy5.jpg,0
9gsgkgc7.jpg,1
9h159sqe.jpg,0
9h2cam9v.jpg,5
9h55h49a.jpg,3
9hk80kjz.jpg,3
9ia5e9q6.jpg,0
9ilfc3nr.jpg,0
9ipopkfr.jpg,1
9j2zwxag.jpg,0
9jhjl998.jpg,0
9jjhwb1f.jpg,0
9jklblex.jpg,0
9jv9uolv.jpg,0
9knwmtgt.jpg,0
9kv77454.jpg,0
9lds1sdq.jpg,11
9lgbwslp.jpg,13
9lhmzp4x.jpg,0
9ltfhugu.jpg,2
9lvuls34.jpg,3
9mhouz5a.jpg,0
9mye5csi.jpg,2
9n160ivi.jpg,0
9o3bhxlg.jpg,4
9o6t5qsu.jpg,0
9ofb8drp.jpg,1
9ok22wrw.jpg,0
9ol7yf28.jpg,1
9on0jilm.jpg,0
9os4ev57.jpg,4
9pksxs96.jpg,5
9q5bk4us.jpg,0
9qjk7lxp.jpg,2
9qn1zmai.jpg,14
9qnh6wcl.jpg,0
9qr0alvu.jpg,2
9r5dx85k.jpg,2
9r5obpg3.jpg,0
9rfipbcc.jpg,11
9sdnz5tw.jpg,0
9seh7a2k.jpg,0
9sma9n7z.jpg,7
9sw7wcr4.jpg,1
9t45eypz.jpg,0
9t6ig47r.jpg,0
9thz6o6o.jpg,0
9u0ectp6.jpg,9
9u5skmo3.jpg,1
9uclcoka.jpg,0
9uqok1ps.jpg,0
9uxjaj6o.jpg,5
9uzhcijk.jpg,0
9vpka1fy.jpg,8
9vrqqomg.jpg,0
9vuj28j5.jpg,3
9vv7bdrp.jpg,1
9w4mgwtk.jpg,0
9w5ru7z0.jpg,19
9w7hhetc.jpg,3
9wc15111.jpg,1
9whm4p29.jpg,0
9wsuaxj3.jpg,6
9xgx4e0h.jpg,1
9y94xfro.jpg,2
9ymetdar.jpg,3
9ywgmmco.jpg,3
9z5aqcty.jpg,3
9z5azqda.jpg,0
9zluxtcu.jpg,0
9zr3g2pn.jpg,20
9zzxq427.jpg,2
a04hpj3w.jpg,5
a0jf3lvv.jpg,1
a0lgotxr.jpg,2
a1mf1sj6.jpg,2
a1osieyw.jpg,0
a1pbv5oe.jpg,0
a1pglekn.jpg,0
a1pwtgzp.jpg,0
a26kwtd8.jpg,2
a2r5oz2o.jpg,25
a32akzgx.jpg,0
a39yfzk1.jpg,3
a4qe9wj0.jpg,0
a5h97c1r.jpg,21
a5kmcr7k.jpg,5
a5l5723r.jpg,0
a5m96m5x.jpg,0
a63r3foo.jpg,0
a6btdbj9.jpg,0
a6n5yzjr.jpg,2
a6vawgek.jpg,0
a70ilc31.jpg,0
a74rs889.jpg,2
a7i0nwhh.jpg,0
a7kdr10m.jpg,0
a7squfi5.jpg,0
a83be39l.jpg,0
a8cuiol7.jpg,1
a8fwojzc.jpg,0
a8y1kowb.jpg,2
a8ye8zbu.jpg,0
a92o7whf.jpg,0
a9ssldo4.jpg,45
a9xb0fay.jpg,0
aac642vm.jpg,0
aaotqerj.jpg,1
aatb8qpa.jpg,1
aatuu64l.jpg,0
aavmx770.jpg,7
aaxg4wep.jpg,2
abb7jjuc.jpg,3
abrshlyx.jpg,0
abs34l8y.jpg,2
abw1gmx3.jpg,0
ac2p903u.jpg,0
ac6rmtrw.jpg,1
acrerak1.jpg,0
acye3cmb.jpg,3
ad7zj7pp.jpg,8
adfonurl.jpg,1
ae128zbb.jpg,4
ae7kui15.jpg,1
aehuyahw.jpg,0
aeqkcgfl.jpg,3
aeutcjus.jpg,0
af7kqpx0.jpg,0
afbvjqtw.jpg,1
afnurha3.jpg,0
agd64861.jpg,0
age6wff1.jpg,0
aglgwpz8.jpg,0
agrsszcq.jpg,1
ahaehpk4.jpg,4
ahd3ws0y.jpg,1
ahn3eyyh.jpg,0
ahq7vdnp.jpg,1
aici7jmi.jpg,0
aiserl0n.jpg,0
aji32hew.jpg,0
ajpphvtd.jpg,0
ak4yblg3.jpg,0
akf8rjsh.jpg,5
akhlxwh5.jpg,0
akuzhtw3.jpg,1
akylbr3g.jpg,1
al3jgar8.jpg,0
alylg3lk.jpg,10
amnr3rhl.jpg,0
amupbcxi.jpg,3
an0yebit.jpg,0
an4id2uu.jpg,0
an7illub.jpg,0
anf59y1a.jpg,3
anym062x.jpg,0
ao8yrkpv.jpg,2
aofmtxah.jpg,0
ap8gdi1h.jpg,2
ap9o18vg.jpg,0
apenlmrn.jpg,2
aptpks6u.jpg,2
aq10ek4z.jpg,0
aq2ddk5e.jpg,0
aq4joijl.jpg,17
aq5drrd5.jpg,2
aq5kdd50.jpg,0
aqgzjtc6.jpg,43
aqyc06hq.jpg,0
ar4v4nmy.jpg,29
ar5s6x5a.jpg,8
arg7uas7.jpg,0
asfwz4cz.jpg,0
at4akq41.jpg,0
atk45r26.jpg,0
attd1t2r.jpg,0
atut8540.jpg,0
atvzw9ge.jpg,0
auhh5ab3.jpg,0
aujd0fc1.jpg,0
aujz6fi1.jpg,0
auw26dcc.jpg,0
av0hpbpg.jpg,1
avaq35gx.jpg,6
avw6rnfa.jpg,0
aw9xjptm.jpg,0
awirw8te.jpg,2
awmk53sd.jpg,6
awq2i0us.jpg,0
awsfzaw0.jpg,0
awvmmabn.jpg,0
ayh4bkzg.jpg,2
ayngs4uj.jpg,3
ayp1e9a8.jpg,1
ayx0rdh0.jpg,2
ayyfgohz.jpg,3
ayysu862.jpg,25
az52iui2.jpg,0
aza7r1j6.jpg,3
azo2hlry.jpg,1
b0483vj1.jpg,0
b0obfcbk.jpg,12
b0qwolyo.jpg,3
b0yn9401.jpg,0
b1pibc52.jpg,0
b1sm1qqj.jpg,0
b21dw3re.jpg,1
b23fws6u.jpg,1
b2io9f8k.jpg,0
b2tx77tc.jpg,12
b2z6ucns.jpg,1
b3m7dbwd.jpg,0
b3p6j0fh.jpg,0
b3vqrsys.jpg,0
b48qmzt5.jpg,2
b4dhh72i.jpg,0
b4x541ga.jpg,2
b59alij5.jpg,5
b5bdzekg.jpg,0
b5gu4k65.jpg,0
b5sajvl1.jpg,8
b617kxof.jpg,8
b64sd6c0.jpg,1
b6em1v7n.jpg,0
b6h2pkj8.jpg,0
b6ihwukl.jpg,37
b6mpvslv.jpg,0
b75jsnvx.jpg,5
b76886wh.jpg,0
b778oi0h.jpg,3
b79gdnoj.jpg,12
b7g2ii41.jpg,0
b7je45fu.jpg,1
b7wh1fbw.jpg,0
b80g03m1.jpg,4
b81pzetu.jpg,0
b8pzekfu.jpg,0
b8u20dqx.jpg,0
b903oxt7.jpg,3
b90daya2.jpg,3
b98ho1ez.jpg,15
ba4vfxh6.jpg,3
ba86g8ur.jpg,0
ba8sqjbd.jpg,11
balau19m.jpg,0
bauy2lhd.jpg,3
bavsha2m.jpg,1
bb9oa1ku.jpg,3
bbf7ldca.jpg,0
bbif47qc.jpg,0
bbpdyrii.jpg,1
bbyhm5qz.jpg,15
bc388nlu.jpg,11
bce6n4v9.jpg,8
bd9rwwyh.jpg,8
bddddkqh.jpg,0
bdx0wfee.jpg,0
be3yjdoi.jpg,3
be4v8dpn.jpg,0
beehrqy7.jpg,5
beoqnc8i.jpg,5
bfa647m8.jpg,4
bforjoup.jpg,0
bfr6eq03.jpg,0
bg7w5071.jpg,6
bgoavtsb.jpg,0
bh0skcf1.jpg,4
bh1bzfjz.jpg,7
bhowpdsa.jpg,0
bhtpm8gj.jpg,0
bigts2xn.jpg,0
bipc2axy.jpg,0
biv6z5rm.jpg,23
bj9aesbz.jpg,0
bjec6q83.jpg,0
bjlkabnu.jpg,0
bjmqgkvb.jpg,25
bk0xcjy1.jpg,7
bkkyuwol.jpg,0
bkpdgon4.jpg,0
bkujtcsn.jpg,0
bkw2kd75.jpg,0
bkycfvzv.jpg,2
bl2nl9ke.jpg,0
bl6xol8b.jpg,6
blxgiv0n.jpg,3
blzmuodv.jpg,1
bm5yudvl.jpg,0
bma3dt1m.jpg,26
bmcqa8pb.jpg,0
bmgbudui.jpg,0
bmlogywh.jpg,1
bmm0w6c5.jpg,0
bmv6qy66.jpg,0
bmvouue9.jpg,1
bmxvtch4.jpg,0
bn18gtme.jpg,12
bn6kva5i.jpg,0
bnh5s17n.jpg,1
bntg2s7h.jpg,2
bobxnlfr.jpg,0
bochmcmj.jpg,1
bp2ib7tv.jpg,12
bpcjo7lj.jpg,1
bpnjbf44.jpg,4
bq7ectm6.jpg,0
bqadbnum.jpg,3
bqtcplgc.jpg,9
brfww3e8.jpg,0
brqri1u6.jpg,1
brryyfrg.jpg,0
brs8tn42.jpg,0
bs13bj9f.jpg,1
bsbil0vk.jpg,0
bsgqinb5.jpg,0
bsowo9a2.jpg,1
bswb9urm.jpg,0
bswi48h8.jpg,0
bt3kzmml.jpg,0
btc9w5yu.jpg,0
btgfxcel.jpg,0
btnztsjl.jpg,0
bts5lc4c.jpg,8
btttf93y.jpg,11
bucf55cm.jpg,0
bugigghk.jpg,1
buqdoa0e.jpg,0
bv8xq7cd.jpg,0
bvjwevtd.jpg,3
bvu2y8u6.jpg,0
bvupvop6.jpg,2
bw3hdtwj.jpg,3
bxczvgkm.jpg,0
bxq2m3q3.jpg,18
byd3uuad.jpg,0
byus3bl8.jpg,6
bzeshwfg.jpg,0
bznrgynn.jpg,0
bzwmyaxj.jpg,4
c0vlep2c.jpg,0
c11a79tr.jpg,8
c139j0hp.jpg,0
c1h5aoy9.jpg,0
c1n13pss.jpg,0
c1t8k82c.jpg,0
c1tnok6h.jpg,0
c1vvnkow.jpg,2
c22msux1.jpg,1
c2tlw3ps.jpg,0
c2zeq8tw.jpg,0
c36sauyo.jpg,20
c3d4rzpo.jpg,0
c3g9oaol.jpg,1
c3mwmc20.jpg,1
c4hut3sr.jpg,0
c4jnvp49.jpg,1
c4p6196j.jpg,0
c4z5ai0k.jpg,0
c565d3wv.jpg,4
c5bzd7vx.jpg,0
c5irg09j.jpg,0
c5nqh4xu.jpg,4
c5sm584i.jpg,0
c6fm6mbm.jpg,0
c6ljsmoa.jpg,6
c6ng5tuq.jpg,6
c7ih3aqv.jpg,0
c86yghub.jpg,0
c89htbb8.jpg,0
c9crcb0z.jpg,2
c9kb6mss.jpg,0
c9oowub9.jpg,0
c9sbba80.jpg,0
ca1hzwdw.jpg,0
cab4jo4j.jpg,0
cavok3ea.jpg,3
cc4wdlf4.jpg,0
cc80wfoi.jpg,0
cc82zh11.jpg,0
ccpir5if.jpg,4
ccyz0dab.jpg,0
cd57gaeq.jpg,0
cd85c2mg.jpg,1
ceezssm3.jpg,0
ceh1ntf5.jpg,0
celxiawn.jpg,2
cf2e9qg2.jpg,15
cf5bxb1m.jpg,1
cf8y9m68.jpg,1
cfkd9e97.jpg,0
cfkmf1he.jpg,0
cfrpe225.jpg,0
cgjo31mz.jpg,1
cgx9q84z.jpg,2
chfrumnv.jpg,0
cho5mljc.jpg,5
ci9w0tvb.jpg,8
ciaw8kx6.jpg,0
ciewrdop.jpg,0
cihmru2s.jpg,0
cikj00n1.jpg,1
ciovx95e.jpg,0
cit1vbva.jpg,0
cit70vna.jpg,0
civmaj2k.jpg,3
cj4k5ix5.jpg,2
cjg0keli.jpg,6
cji8armx.jpg,9
cju5qb9t.jpg,2
cko4qf7p.jpg,4
cl1txd9b.jpg,0
cl2id5ir.jpg,8
cl9uu3uz.jpg,0
clb44kyr.jpg,0
cljzy6ke.jpg,3
cln5m1s7.jpg,0
cm8e0oeg.jpg,0
cmf6e7fp.jpg,0
cmfltycy.jpg,0
co0989bl.jpg,0
cohzdifs.jpg,2
cojumhit.jpg,0
copg9n1u.jpg,0
cp63vcvz.jpg,0
cpd7obzw.jpg,0
cpnezba0.jpg,0
cpotatl6.jpg,0
cppiet1e.jpg,0
cppzytmj.jpg,0
cpt6m240.jpg,0
cpxmzdum.jpg,0
cqahn5bu.jpg,4
cqduoavt.jpg,1
cr8k5g8u.jpg,1
crdalaj4.jpg,0
crm7fxkr.jpg,0
crn4b7sw.jpg,0
cs0pu7hj.jpg,2
cs20o6t4.jpg,0
cse4neji.jpg,0
cskc6zwy.jpg,0
cso44y1u.jpg,0
cst7j78h.jpg,0
cte4sy3v.jpg,0
ctsbf0eb.jpg,0
ctz6y1co.jpg,0
cuiekybs.jpg,0
culq9nud.jpg,3
cuuqd7af.jpg,2
cv3cv47x.jpg,3
cvltipjf.jpg,8
cw4pr77t.jpg,0
cx1yp0e8.jpg,3
cx20r67t.jpg,0
cx96ls93.jpg,4
cxm5d6xb.jpg,10
cy6zeeo2.jpg,0
cys55c99.jpg,0
cz9jb224.jpg,7
czbd8qx7.jpg,0
czm669jh.jpg,0
czxjqyws.jpg,0
d04yvlz1.jpg,1
d05yzdhp.jpg,5
d0fshpwt.jpg,1
d0j6n2s1.jpg,3
d0lyglzm.jpg,0
d0tinbct.jpg,0
d141vszi.jpg,4
d16b9swo.jpg,0
d1qymo89.jpg,0
d304b0z0.jpg,0
d34376yt.jpg,0
d35yd0em.jpg,0
d372i98a.jpg,8
d373c5bi.jpg,1
d3nb2yll.jpg,0
d3pkq3z4.jpg,0
d43tuw57.jpg,1
d46bizsm.jpg,0
d4hobhya.jpg,0
d4r49ca6.jpg,0
d547qw0i.jpg,0
d5xjrwdq.jpg,0
d5zoma5y.jpg,0
d6kkl5tq.jpg,0
d6poxnxs.jpg,0
d78z5bmb.jpg,1
d79asosl.jpg,1
d7bxr1gp.jpg,2
d7lo33po.jpg,0
d7zx1cqo.jpg,0
d81a8kzb.jpg,0
d8d0bwaz.jpg,0
d8fcednu.jpg,6
d9ehpspi.jpg,0
d9oxqkny.jpg,1
d9ve6jq2.jpg,0
d9zpvkbb.jpg,1
da51epbs.jpg,1
da5h1336.jpg,1
dajmp1db.jpg,2
dane87mi.jpg,2
db05sy2u.jpg,34
db6r84rc.jpg,6
db7gfowu.jpg,0
dbm8sa5u.jpg,1
dc0f7rki.jpg,16
dc43jxwg.jpg,0
dcnitd7c.jpg,1
ddhfbb9z.jpg,0
ddjh3fic.jpg,0
ddk00wnd.jpg,0
ddk5gu9i.jpg,2
de0118xg.jpg,0
dehqp7df.jpg,0
desvxrdm.jpg,1
df3mz3ba.jpg,0
df7szgtx.jpg,1
dfpto1lt.jpg,0
dfz5op5g.jpg,0
dfzcvb27.jpg,0
dg2egpng.jpg,23
dg5gthuf.jpg,0
dgeuuwdr.jpg,1
dh63c36f.jpg,0
dh6fiycx.jpg,0
dhlqs01h.jpg,2
dhmegaed.jpg,1
di3bw22t.jpg,4
di7uvard.jpg,6
dis2k6z9.jpg,0
dithxf6h.jpg,0
divn9nwk.jpg,1
dj6wlia7.jpg,0
dj7hwwvl.jpg,0
djfgp5sp.jpg,8
dk6eyjvv.jpg,0
dkp3qz3r.jpg,5
dkxumsua.jpg,0
dl3mmgg4.jpg,2
dl44bi9y.jpg,4
dl5rj6r0.jpg,0
dlhb15i4.jpg,0
dlovyhaj.jpg,3
dlrqgd1t.jpg,1
dltwjo9w.jpg,0
dlzim85j.jpg,0
dmfj8zx2.jpg,0
dmws4mmv.jpg,2
dmxtjww5.jpg,6
dn2ujra5.jpg,23
dn5cucdp.jpg,1
dn7klca9.jpg,2
dn9vp1ew.jpg,2
dnkmsxu5.jpg,0
dnpbobkh.jpg,2
do15oo58.jpg,0
do2fa176.jpg,0
doekbymn.jpg,0
dofjsp0j.jpg,0
dpa5o6ca.jpg,0
dq15wykg.jpg,0
dq1oqvxf.jpg,0
dq4286wo.jpg,0
dqsdsone.jpg,1
drf0rgcy.jpg,0
dsfyne6o.jpg,1
dt1dk1e7.jpg,0
dtlwr459.jpg,2
dtq4opj8.jpg,0
dtwjhocl.jpg,1
duhcaww2.jpg,0
dul9kx4r.jpg,0
duppu2uh.jpg,2
duzahqi9.jpg,36
dv0t3r5g.jpg,0
dvcr1mh8.jpg,1
dvixcdx3.jpg,1
dw1n1oet.jpg,0
dwgtxdfd.jpg,0
dwjaw6o6.jpg,0
dwknywfk.jpg,0
dwnhcji4.jpg,3
dxabkzzy.jpg,4
dxbl3cjb.jpg,5
dxffquyl.jpg,5
dxh2foa0.jpg,9
dxtz01vj.jpg,5
dymfgp60.jpg,1
dynp58oz.jpg,2
dyq5473h.jpg,3
dytg3up2.jpg,4
dz4w0xrz.jpg,3
dzaukjx9.jpg,0
dzbm1zbr.jpg,8
dztludhw.jpg,0
e0fuahgb.jpg,1
e0ljpb7z.jpg,0
e0mh9ht1.jpg,0
e12zmipv.jpg,0
e1xnz729.jpg,0
e25c7l6i.jpg,0
e27ruqf5.jpg,5
e2f7sla0.jpg,0
e2hgfruv.jpg,2
e2x9bp67.jpg,2
e2zbq7r8.jpg,1
e2znl2ym.jpg,0
e363gdsh.jpg,5
e3hqlwhm.jpg,5
e3kn5uga.jpg,1
e3lqmzl8.jpg,4
e404vz6h.jpg,2
e41pp70u.jpg,0
e4bp8020.jpg,0
e4c0g80m.jpg,0
e4cj4l4u.jpg,21
e4il6cow.jpg,2
e4lc2w23.jpg,0
e4q86f4f.jpg,2
e4xmz045.jpg,3
e53r6upu.jpg,1
e5hw57hi.jpg,8
e5i45kcx.jpg,2
e5uiwn6d.jpg,6
e5xv7hw8.jpg,10
e61f8l8w.jpg,3
e6dip8oi.jpg,0
e6qvaggv.jpg,0
e6sdcn4h.jpg,17
e7cfx3x6.jpg,1
e7d24piu.jpg,0
e7d4tnv3.jpg,6
e7sjno0v.jpg,2
e7w46ubq.jpg,0
e7w599oo.jpg,0
e860a4v6.jpg,45
e8dqs06n.jpg,0
e8umlr0g.jpg,0
e9a35vdm.jpg,0
e9mwjqx0.jpg,5
ea92vsgu.jpg,0
eau2gcfj.jpg,1
eb0twbfa.jpg,0
eb41x4y6.jpg,0
ebb8ykp7.jpg,1
ebbkwe7z.jpg,0
ebhzrd8m.jpg,11
ebibjnmw.jpg,1
eci2pw0w.jpg,9
ecw9qo7n.jpg,0
ed05ovuw.jpg,9
ee4gnfdv.jpg,0
eeqqk9ho.jpg,0
eetsd3qt.jpg,0
eewgr3zt.jpg,14
effx9w5x.jpg,0
eg0a58re.jpg,0
eg80yzn3.jpg,0
eg9rigqv.jpg,0
eh0csd3q.jpg,2
eh5y31k2.jpg,0
ehju4lw4.jpg,2
ehvsscaz.jpg,4
ehwbj73r.jpg,0
eic1y1j1.jpg,0
eilyjthf.jpg,0
eino3kgo.jpg,6
ej7fw3w6.jpg,0
ejol29il.jpg,1
ek3n2wju.jpg,0
ek3x0kx7.jpg,2
ekjau8z1.jpg,0
ekl9n8ls.jpg,0
ekydlyx0.jpg,1
eluua9xr.jpg,0
em5acvux.jpg,22
emh8o6lo.jpg,22
emviqyxu.jpg,10
en2jkkha.jpg,0
enjivds0.jpg,12
enzp9qmt.jpg,0
eo2x7d60.jpg,3
eo61pq1o.jpg,4
eo7yrmdz.jpg,7
eosvvplh.jpg,6
epc10th9.jpg,3
epm36kwy.jpg,0
epzgxchl.jpg,3
eq6pa32u.jpg,4
eqsgsygd.jpg,0
eqsk0w1c.jpg,0
er5fsxvr.jpg,0
era8d9fx.jpg,1
eri8857v.jpg,0
eryjebj5.jpg,19
es10oqlg.jpg,5
es7368s9.jpg,0
es9zz22g.jpg,0
eshq6udy.jpg,6
esihb21x.jpg,0
etdgk6ss.jpg,2
etsim0tl.jpg,0
eu3up2dj.jpg,1
eu63ai8p.jpg,0
eu87og87.jpg,0
eubo551e.jpg,0
ev2of0x2.jpg,0
ev5jj7vw.jpg,3
ev5vw8ac.jpg,0
evckhgfp.jpg,0
evks9ese.jpg,13
ew2tggva.jpg,0
ew6n1169.jpg,0
ewdxpk4m.jpg,7
ewmlcltr.jpg,0
ewohgtpe.jpg,0
ewpd11l7.jpg,3
ewtvmay6.jpg,3
ewvt77nu.jpg,1
ex3dicjt.jpg,1
ex5dwuam.jpg,0
exe66vw6.jpg,1
ey0xe892.jpg,43
eyw90raq.jpg,6
ez02hd11.jpg,2
ezxc0xby.jpg,0
f0w43vxw.jpg,0
f0yh5gky.jpg,0
f0yroxi1.jpg,4
f1gs7c3p.jpg,0
f1pic181.jpg,2
f1qokfxw.jpg,0
f1sd2c95.jpg,3
f1xnedwm.jpg,0
f1yrqnmb.jpg,0
f201mh1z.jpg,3
f2ql8w2o.jpg,0
f2t6up67.jpg,23
f2unvoo4.jpg,1
f327alu3.jpg,0
f3322gi7.jpg,1
f3eyt3go.jpg,0
f3uvwzkd.jpg,0
f4a4lbxf.jpg,1
f4t8uxcc.jpg,1
f5cysvhw.jpg,0
f5y2fu3z.jpg,3
f6g83wcq.jpg,5
f6sdkj1t.jpg,0
f6t10v2i.jpg,0
f77q76k9.jpg,0
f7920v8c.jpg,1
f7l5m944.jpg,0
f7nfywro.jpg,0
f7og72qc.jpg,0
f7snfeb9.jpg,1
f86edep3.jpg,3
f87mhmj5.jpg,16
f8mc5jcr.jpg,0
f8y9uqyq.jpg,3
f94ir0qq.jpg,0
f9av9eim.jpg,8
f9hl5y6k.jpg,19
f9ttag08.jpg,1
f9w8b1g1.jpg,0
fa2r1zhc.jpg,0
fa59zd2u.jpg,29
fa5ax6g9.jpg,0
fa856xd8.jpg,0
fadxsx48.jpg,2
fagbmyzv.jpg,0
faqp6xqw.jpg,0
fas1ul8z.jpg,0
fasuzwod.jpg,6
fb6414co.jpg,0
fb7iasiz.jpg,2
fb8q9t4d.jpg,0
fbbxb7j2.jpg,0
fbgzkiez.jpg,0
fc6u1kla.jpg,0
fcfqj8v8.jpg,2
fd2sdj4p.jpg,6
fd54il85.jpg,0
fdkg44us.jpg,1
fdsb5n8i.jpg,1
fdu0jpei.jpg,4
fdub886g.jpg,0
fe71o9rj.jpg,2
febi8f80.jpg,0
feg58yfa.jpg,0
ffcba1f1.jpg,0
ffiskgmc.jpg,7
ffjaxk0o.jpg,1
fg0sxsek.jpg,1
fg289rm7.jpg,7
fg5yyze4.jpg,0
fg984m7f.jpg,0
fgxlwz4n.jpg,3
fh0uduau.jpg,3
fh43z31m.jpg,0
fhg2ywli.jpg,11
fhg7ixk8.jpg,0
fhsn843a.jpg,0
fhxy2pc2.jpg,0
fi7haw50.jpg,1
fiixdu6x.jpg,0
fild38dj.jpg,1
fixp64e6.jpg,4
fjbtb1z8.jpg,3
fkn9awm8.jpg,0
fkptp0kv.jpg,1
fkqg7xf2.jpg,0
fl5msuyl.jpg,3
fl8r0kyt.jpg,1
flbf4q70.jpg,0
flgf2opm.jpg,0
flirlaru.jpg,1
flqxo1l0.jpg,0
flvt6znh.jpg,2
flzkzrl8.jpg,1
fm03k3oq.jpg,0
fmd7p0jx.jpg,0
fmj6vyey.jpg,0
fn49gvg6.jpg,0
fn63sbek.jpg,2
fnpril06.jpg,4
fnsp96ul.jpg,2
fouf3i61.jpg,2
fozz9yv3.jpg,0
fpid9qd7.jpg,0
fqd0dbqg.jpg,4
fqmc3tke.jpg,0
fqxqoeoi.jpg,0
fr6pnuqz.jpg,0
frcwmpz4.jpg,0
frfd7iiv.jpg,0
frjjd77g.jpg,5
frq8swrc.jpg,5
frv03zxz.jpg,8
fsligs1o.jpg,1
fsry97au.jpg,17
fsz1ntyp.jpg,5
fsz2qglv.jpg,12
ft9bs84k.jpg,4
ftov9sd1.jpg,1
fttr6uxa.jpg,1
ftzxlz9w.jpg,1
fu27ggsm.jpg,0
fuc39mcv.jpg,2
fuji0sll.jpg,0
fux1ao0g.jpg,1
fv24k3nw.jpg,0
fvc00qo7.jpg,0
fvebp1ok.jpg,0
fvrw515n.jpg,9
fw3foplm.jpg,1
fw9gbbn6.jpg,0
fwj2703d.jpg,47
fwtro2sb.jpg,3
fxm5bf8v.jpg,1
fxqk9qtf.jpg,5
fy1a4xi1.jpg,10
fy2kli9r.jpg,0
fy8g5bld.jpg,1
fyantd2n.jpg,1
fyi4u17u.jpg,2
fylf9vwm.jpg,0
fywb18es.jpg,16
fywszgrp.jpg,0
fzdpstii.jpg,1
fztr4myx.jpg,0
fzw4lswn.jpg,0
g03aj166.jpg,0
g0ucq36r.jpg,0
g15w0apd.jpg,2
g1a3luu1.jpg,0
g1x26o0w.jpg,0
g2brkim1.jpg,0
g2smxl40.jpg,2
g2sx76fu.jpg,3
g34rgawq.jpg,0
g3guzt32.jpg,3
g48z9eew.jpg,4
g4nsa840.jpg,1
g4o0hjuy.jpg,5
g4vzlyx6.jpg,1
g54ofmc6.jpg,9
g5ccyuhw.jpg,1
g5j7fwfu.jpg,7
g5jqr07i.jpg,0
g5n7reu3.jpg,0
g5q0i468.jpg,13
g62y3mfm.jpg,0
g6dsej9b.jpg,7
g6gufnyl.jpg,0
g6h6v1iq.jpg,14
g6j03aas.jpg,5
g7mqfea5.jpg,2
g81saalm.jpg,1
g862cn1w.jpg,1
g87d59so.jpg,10
g8cdbyej.jpg,1
g8deqxbk.jpg,3
g8mzemnw.jpg,0
g8s8o0xi.jpg,2
g90ohpa4.jpg,0
g95lgdgs.jpg,0
g96s2r7k.jpg,4
g9fefmrk.jpg,0
g9yvassv.jpg,1
ga3y39fu.jpg,0
ga92u5uk.jpg,0
gat9q1fa.jpg,1
gawx22yj.jpg,1
gbxo7k5a.jpg,1
gc7ahy4u.jpg,0
gcnt738f.jpg,7
gcq66a0l.jpg,6
gcto7w4f.jpg,17
gcyxmgs9.jpg,0
gczh1eog.jpg,0
gd7jxcij.jpg,0
gdlo5c9o.jpg,1
gdne6vl5.jpg,22
gdtf5uf1.jpg,2
geea8eue.jpg,0
gej0q6xb.jpg,2
gercd47o.jpg,2
gergq0pp.jpg,3
gex8ul1u.jpg,0
gfbwn9a3.jpg,0
gfcnjitx.jpg,4
gg5dilcm.jpg,8
gge7uk92.jpg,0
ggtdiga3.jpg,0
ggtv7s8k.jpg,1
gh84n2ge.jpg,0
ghawjr9n.jpg,56
ghm0aycb.jpg,6
gi023whv.jpg,0
gi0g23m4.jpg,1
gi3ke2n6.jpg,1
gi3v45tl.jpg,1
gied08rc.jpg,0
gif9rkqz.jpg,0
gihdnf81.jpg,0
gilyf5k2.jpg,2
giobvcb5.jpg,0
gipit5u6.jpg,9
girfqz2b.jpg,7
gj6rfkyo.jpg,1
gj7ilafu.jpg,2
gj7k1qlu.jpg,1
gjkcpjj3.jpg,1
gjvms5v0.jpg,1
gjy1pfjq.jpg,6
gjyozsj4.jpg,9
gk4pn3cx.jpg,0
gkbdl0mm.jpg,0
gkeex61q.jpg,12
gkggtfyp.jpg,0
gki699jm.jpg,4
gku7w1cv.jpg,0
gkw3h2z5.jpg,0
gkw6uqay.jpg,0
gkwsi8th.jpg,0
gl10qgsj.jpg,0
gl1cz84y.jpg,0
gl4hhlsf.jpg,4
glfzyvun.jpg,0
glw94adm.jpg,0
gm4yz019.jpg,0
gmbxnc4k.jpg,0
gmxb8ari.jpg,12
gnfgykwk.jpg,1
gnnjfed2.jpg,0
gnomgoyh.jpg,0
gnz7z2q5.jpg,1
go1hel2o.jpg,0
gocc38l0.jpg,0
goitwwww.jpg,1
gok9u1ui.jpg,24
gokmiib7.jpg,1
gokmnkcm.jpg,1
gorrjt0n.jpg,0
gpl0qz9z.jpg,6
gpq061pj.jpg,0
gqnpo6d1.jpg,0
gqod4da6.jpg,0
gqotvshb.jpg,0
gquz5qrn.jpg,2
gqzfjd88.jpg,2
gr275db4.jpg,0
gr4rtnvp.jpg,0
grcqdj26.jpg,0
grd0o4sc.jpg,7
grhexdqx.jpg,3
grho7pdl.jpg,4
grq13o89.jpg,10
grrin1wm.jpg,0
grwkj40b.jpg,2
gs45g0f1.jpg,0
gs9n8pij.jpg,10
gsajcq2t.jpg,0
gspm8eej.jpg,3
gsvfbvuu.jpg,2
gtw4i0lz.jpg,0
gu7mp5a7.jpg,0
gugan6xj.jpg,0
gupfy6hq.jpg,1
guu2f7ho.jpg,1
guy7iodk.jpg,0
guybhmou.jpg,0
gv1fftt5.jpg,0
gvj49ozw.jpg,0
gvlfnsdq.jpg,4
gvqwnvi1.jpg,0
gvvnawua.jpg,0
gw08s75x.jpg,5
gw2vub5q.jpg,1
gw3mq55j.jpg,0
gwanaga7.jpg,0
gweb1xlo.jpg,1
gx2y83zf.jpg,0
gxwms9yc.jpg,9
gy7xfi7e.jpg,0
gyn94y81.jpg,2
gyt7amgg.jpg,46
gz7foq0x.jpg,0
h072oa13.jpg,0
h0fxu5es.jpg,1
h0m4cyyo.jpg,0
h19swkgn.jpg,3
h1ayb11f.jpg,0
h1mycc46.jpg,1
h1n27hz5.jpg,0
h1o6v5m2.jpg,2
h1xr59z0.jpg,0
h261f0ca.jpg,0
h2gz6xhe.jpg,3
h2h001ca.jpg,1
h2kmp3tl.jpg,1
h2uh1m2m.jpg,0
h36n2f5h.jpg,1
h3mf7a9f.jpg,0
h3ryw630.jpg,8
h3tpxds5.jpg,1
h44x9uk6.jpg,0
h4b8gsww.jpg,0
h4cr5kv7.jpg,2
h4emwsbz.jpg,2
h4itt4d8.jpg,3
h4uny2s2.jpg,0
h5bswcp8.jpg,0
h64fcfd8.jpg,0
h6egytd6.jpg,0
h6h4juep.jpg,0
h6m8ieyb.jpg,0
h6srsl9p.jpg,0
h7xyhsm7.jpg,0
h7yoh6mm.jpg,0
h800r67f.jpg,0
h81lfu2z.jpg,0
h8ch3a1d.jpg,0
h8i6d77a.jpg,1
h8kid0qi.jpg,0
h8woklih.jpg,2
h97te9lz.jpg,0
h9fxc62g.jpg,0
h9zhdm71.jpg,0
ha91ueel.jpg,12
hb4ihpas.jpg,4
hb53c2v7.jpg,7
hb7gzam8.jpg,0
hbnq8s69.jpg,1
hbve2zy8.jpg,3
hc140qc9.jpg,0
hc2aoxeh.jpg,1
hc52k2sx.jpg,7
hccd9d98.jpg,3
hdngms3i.jpg,4
heekibki.jpg,1
hekck9an.jpg,2
hem4ngdj.jpg,1
hf97evdl.jpg,1
hfx3qtid.jpg,3
hfz34mm5.jpg,0
hg3qhohx.jpg,35
hgjiovvq.jpg,1
hihts2hj.jpg,0
hin4ahp8.jpg,4
hj1gyqx5.jpg,0
hj7fg9dz.jpg,0
hjlaw6ig.jpg,21
hk1alrrt.jpg,0
hklerrlm.jpg,4
hkwvpf9l.jpg,5
hl83kly0.jpg,0
hlafvfkt.jpg,1
hlryskc9.jpg,6
hm27mkeu.jpg,12
hm4isbdx.jpg,0
hmgv8sm9.jpg,1
hmubezfu.jpg,13
hn0cdfnu.jpg,1
hn9v2mcv.jpg,1
hncqnelg.jpg,0
hne5av5g.jpg,0
hnedv2en.jpg,32
hnuf76kk.jpg,0
hnvcge33.jpg,2
hoccz8l5.jpg,4
hp6taerf.jpg,5
hphhc0u6.jpg,2
hq8vqgiq.jpg,4
hqczncnf.jpg,1
hqojb57m.jpg,1
hr6uh355.jpg,6
hr7d9t6r.jpg,0
hr84xoy4.jpg,0
hrgyuodd.jpg,15
hrhix5b8.jpg,0
hrizp8b5.jpg,0
hrn63ojv.jpg,0
hrnqvz14.jpg,0
hsbaabfn.jpg,0
hsjm7ue8.jpg,2
hskh4z4q.jpg,8
hspj1tf7.jpg,0
hst5ukq0.jpg,6
htmynyvk.jpg,0
hto68q7q.jpg,3
htpedrex.jpg,0
htz695fw.jpg,0
hu06xw38.jpg,5
huppwjj0.jpg,0
huyn0n32.jpg,0
hveazryq.jpg,4
hvkjetm8.jpg,0
hvtnxqrt.jpg,1
hw3c9mhb.jpg,1
hwimwjog.jpg,0
hx2leeoc.jpg,1
hxbky9uz.jpg,1
hxiv3p8k.jpg,2
hxnwa8sh.jpg,1
hxr07kdm.jpg,0
hxu5sx8y.jpg,0
hxx1zfab.jpg,0
hygk51yu.jpg,0
hyvnmb7k.jpg,0
hywaaxg1.jpg,0
hz62da03.jpg,2
hz6qgx7t.jpg,3
hzauycc4.jpg,3
hzgaliaq.jpg,1
hzsb7d8h.jpg,3
hzta8z83.jpg,1
i03ktf4j.jpg,2
i04qurxl.jpg,0
i0cswuaw.jpg,2
i0fq1psa.jpg,0
i0vsp4y0.jpg,1
i14lnam0.jpg,2
i1beqjs5.jpg,0
i1hqnq2u.jpg,0
i23th54w.jpg,1
i29nuvlr.jpg,0
i2dslnxi.jpg,1
i2nsythi.jpg,2
i2r2at3t.jpg,8
i33o487f.jpg,0
i3hripfg.jpg,0
i3niwlm4.jpg,2
i3vhi08m.jpg,0
i3vk2b5g.jpg,1
i3xwvsj9.jpg,0
i4gtjdzf.jpg,12
i4prsbxz.jpg,10
i5go6aak.jpg,0
i5kflk1r.jpg,0
i6669kgq.jpg,1
i6g57o75.jpg,0
i6hiff38.jpg,1
i6hlx8e2.jpg,3
i6n28863.jpg,1
i79m78j9.jpg,7
i7b8w9lk.jpg,0
i7r79svl.jpg,0
i7snd4n5.jpg,1
i84zscr0.jpg,0
i8cdwpyc.jpg,4
i8i45zbq.jpg,0
i8nlrpp3.jpg,6
i8pi4i4w.jpg,0
i8pk4vo4.jpg,8
i8v7hky1.jpg,15
i946ppti.jpg,0
i979lf71.jpg,0
i9rtno18.jpg,0
i9saheis.jpg,0
i9yhkx9x.jpg,1
iaqp3ut6.jpg,0
iaxjreye.jpg,0
ib8oc6ym.jpg,7
ibdrc48s.jpg,0
ibjnqk3d.jpg,4
ibn0cuzs.jpg,4
ibs14q4c.jpg,1
ic9x4bjf.jpg,5
icjfzaka.jpg,1
icn4jf3b.jpg,0
icptx3rw.jpg,2
id6eocma.jpg,13
idfntrhc.jpg,1
idzvk9al.jpg,2
ie5my4at.jpg,3
ie9k978p.jpg,0
iea2ljls.jpg,1
iekwtq0m.jpg,0
iete4683.jpg,0
iex0h4uu.jpg,0
ifpx1ox2.jpg,4
ihf8fb0x.jpg,0
ihitdw71.jpg,0
ihndva6k.jpg,0
ihqv016q.jpg,0
ihs0o3fl.jpg,0
iiexl925.jpg,0
iih2cjql.jpg,0
iipzt3rz.jpg,2
iiqccroq.jpg,0
ij7q85hq.jpg,0
ijex5wao.jpg,0
ijiqb6li.jpg,0
ijppo0vy.jpg,1
ijzfz5lg.jpg,2
ik54ph1g.jpg,3
ik68uaf3.jpg,2
iklyd8um.jpg,0
ikt4c3hq.jpg,32
ikwiit0j.jpg,0
ikygygom.jpg,5
il8ecqbe.jpg,0
im9l5py0.jpg,0
inhvcfwk.jpg,0
inqks6mi.jpg,0
io9mqci6.jpg,8
iodq9p47.jpg,2
iohg7d94.jpg,0
ip0ivhdj.jpg,1
ipguekab.jpg,6
ipuoyfa0.jpg,1
ipv60hh0.jpg,0
iq0fq79h.jpg,0
iqfjlclw.jpg,0
iqno3562.jpg,5
ir3x33kw.jpg,0
irilin4l.jpg,2
irjd83wa.jpg,2
irkj9otj.jpg,0
irsni775.jpg,0
is11c0tx.jpg,0
is9gz990.jpg,0
ishydddx.jpg,8
isl9hi19.jpg,0
it4m00s4.jpg,7
it5zzjfi.jpg,3
itjhypba.jpg,0
itqsn3gi.jpg,10
itty8ga0.jpg,18
iu544m2z.jpg,0
iuaa7iao.jpg,1
iuli02yt.jpg,2
iuu9h1di.jpg,2
iuy8x4tm.jpg,6
iv6g8xov.jpg,2
ivlb6ffc.jpg,2
ivmqpmp2.jpg,0
ivt2bxwa.jpg,1
ivt3aj7h.jpg,4
iwcxajub.jpg,1
iwg7tuqj.jpg,15
iwglg2l0.jpg,9
iwkzt1bk.jpg,0
ixtmq1sz.jpg,0
ixzb5t11.jpg,2
iyjr2gcn.jpg,15
iz2ycg28.jpg,13
izrxl2k4.jpg,3
izursy7i.jpg,0
izvvxui1.jpg,0
j034xz0g.jpg,0
j0cn5aih.jpg,1
j0qk9y5s.jpg,2
j0tzp5se.jpg,0
j0w7p40m.jpg,1
j1814cml.jpg,18
j1ui7f3o.jpg,0
j23ta47s.jpg,0
j25ew29f.jpg,0
j2eti99u.jpg,0
j2f3mt0y.jpg,0
j2h49lrm.jpg,2
j2lcme94.jpg,4
j33kkv33.jpg,0
j3e2sa5m.jpg,0
j3o0o61z.jpg,1
j3sx81ab.jpg,2
j3w0rczu.jpg,0
j3wugihn.jpg,0
j3x49pwi.jpg,1
j3ytmzyn.jpg,7
j416fct0.jpg,3
j4i70nio.jpg,1
j4k4vi6r.jpg,0
j4wmjwj4.jpg,0
j5ddhnyn.jpg,0
j5n8lw1k.jpg,4
j5oxre93.jpg,0
j5qug3v4.jpg,0
j5z0mi4g.jpg,0
j6hn9pj3.jpg,23
j6li2wq2.jpg,3
j6lqipgr.jpg,4
j6oepjci.jpg,0
j6pg7d5s.jpg,1
j7brtonh.jpg,1
j7fed38v.jpg,9
j7u2tujv.jpg,1
j7xoeths.jpg,0
j82y3cai.jpg,0
j8aut7xj.jpg,0
j8l24tji.jpg,0
j8lqv4z7.jpg,0
j8sljcfw.jpg,0
j9dl7s8p.jpg,0
j9mfr9nr.jpg,0
jaa1dnzy.jpg,0
jap1p7ne.jpg,5
jaq1xt5r.jpg,0
jb0h3ili.jpg,14
jba3dytk.jpg,0
jcglpxwm.jpg,0
jchlfye0.jpg,3
jcptob81.jpg,0
jdbnxrvc.jpg,0
jdivhiqj.jpg,20
jdot6mqw.jpg,0
jecw17k4.jpg,5
jexd3kqh.jpg,3
jexoxg2d.jpg,2
jfmq4sym.jpg,0
jg78srwu.jpg,1
jgbutshr.jpg,0
jgtwq6fg.jpg,12
jh1g8t5y.jpg,0
jh7u3mjb.jpg,0
jhwc5a2k.jpg,2
jhwo9fwh.jpg,0
jitajw8t.jpg,1
jiwzhckr.jpg,0
jizgfew5.jpg,0
jj1uykqq.jpg,7
jj8d15ni.jpg,0
jjmc3u4x.jpg,1
jkumt4ce.jpg,1
jkvgas1g.jpg,1
jl2oa4cy.jpg,0
jldpmjkl.jpg,0
jlf1fxnd.jpg,0
jlpyuvf8.jpg,2
jlsugn0v.jpg,0
jlysvnuw.jpg,75
jmj7n34x.jpg,1
jmlwft74.jpg,5
jn7c5gni.jpg,3
jni9xe3u.jpg,0
jnip9mhk.jpg,0
jnmaf06t.jpg,0
jnsk3nvc.jpg,4
jnzc4xaz.jpg,5
jo2qxhgk.jpg,11
jon4pcl2.jpg,6
jp27c7ec.jpg,0
jqbebhiw.jpg,1
jqj35dq8.jpg,0
jqpv5a7z.jpg,0
jqs0jxgn.jpg,0
jqvgrgzr.jpg,0
jr2nvjk9.jpg,1
jsh8aw1v.jpg,0
jsvr4cax.jpg,0
jtacxm2c.jpg,10
jtht0brr.jpg,0
jtj8129j.jpg,0
jtr2rvd8.jpg,1
jtwo5xws.jpg,0
ju1zm41b.jpg,1
juqllkhk.jpg,6
jvbptvp0.jpg,0
jvuruf6c.jpg,6
jvwdsn4o.jpg,0
jw4nnek7.jpg,0
jwq5p3fm.jpg,0
jwy1o91w.jpg,0
jxkybpe1.jpg,4
jxlfl97q.jpg,0
jxri0j7k.jpg,0
jxrz2z6u.jpg,0
jy3q25o5.jpg,0
jy68zsgs.jpg,0
jyhpruif.jpg,2
jyjv9av4.jpg,0
jyliy1sy.jpg,0
jyp8oh21.jpg,5
jz2je8n9.jpg,5
jz4g99li.jpg,0
jzgjrwf7.jpg,1
jzucjby1.jpg,1
jzx0b8xj.jpg,6
k0ejxpfd.jpg,3
k0ny0m92.jpg,4
k0q1d54y.jpg,1
k1wotwuf.jpg,3
k279km3l.jpg,0
k2dra7wc.jpg,0
k2umly51.jpg,0
k3cu39c3.jpg,1
k3ofts1l.jpg,0
k3qu4bgd.jpg,1
k3romsmd.jpg,0
k3u7zgru.jpg,1
k4zymx5s.jpg,0
k5fsyb5g.jpg,0
k5r1utvt.jpg,2
k6amhdks.jpg,1
k6ep49xk.jpg,0
k6g0n5m8.jpg,0
k6kjgyb9.jpg,0
k6tiulsf.jpg,1
k6xfa2ho.jpg,0
k76w7wr1.jpg,3
k7n1jt2w.jpg,3
k7w96n7e.jpg,1
k8hx6v0n.jpg,7
k8u64lot.jpg,4
k9c0w7mo.jpg,0
k9fn1b7a.jpg,10
k9jysfrb.jpg,5
k9w333cr.jpg,2
k9xnrf58.jpg,6
ka47bjcz.jpg,1
ka5xyyz3.jpg,0
kaqyqu3i.jpg,0
kayep478.jpg,3
kbirbek7.jpg,0
kbirkckc.jpg,8
kbkduiux.jpg,18
kbkgtb3q.jpg,0
kblug4rf.jpg,5
kbolvuj3.jpg,0
kbspan5g.jpg,0
kbvjsqey.jpg,3
kbw9luw3.jpg,2
kc3r60ek.jpg,2
kcmivi64.jpg,0
kcuth4v6.jpg,2
kd7t2hmp.jpg,2
kd9oe2mz.jpg,0
kdesrm5v.jpg,0
kdih0wt6.jpg,1
kdyox0oo.jpg,0
ke8p7xtq.jpg,0
kebatdzn.jpg,0
keh6yya4.jpg,0
kel77f1q.jpg,18
kesmy9lr.jpg,1
kesu9kqw.jpg,0
kf6k6lge.jpg,0
kfijrypp.jpg,0
kfx3m5c5.jpg,3
kg0vyj00.jpg,1
kg5vnlsu.jpg,0
kgaxmf48.jpg,3
kglkpl3z.jpg,0
kgsgexng.jpg,1
kh9cfhwp.jpg,2
khbjhghu.jpg,0
khc1llvh.jpg,0
khmqkck1.jpg,0
khpvc8p4.jpg,0
kic4hqnq.jpg,13
kiij5b85.jpg,0
kim2bhg2.jpg,0
kiqp1i6y.jpg,1
kiycobrv.jpg,0
kji99qip.jpg,0
kjjq2oy7.jpg,0
kjmot26j.jpg,0
kjndnbjs.jpg,9
kkwyfm9z.jpg,2
klhk9oq9.jpg,2
kljvqezl.jpg,0
km3afamj.jpg,7
kmbt9lnu.jpg,0
kmioqn06.jpg,5
kmy1sgz7.jpg,1
kmzoix12.jpg,0
kncpdrga.jpg,0
knfkc6pj.jpg,1
knzgpxbi.jpg,37
ko03bvbw.jpg,1
koatnnvq.jpg,2
kofmhv2e.jpg,1
komlv71s.jpg,0
kozsqmu1.jpg,0
kp2n0thq.jpg,2
kp7ilrz9.jpg,0
kqayz1kr.jpg,0
kqd90cl9.jpg,1
kqleoroj.jpg,0
kqnnkwe0.jpg,1
krbavo56.jpg,0
krvuzy5r.jpg,1
krza61vf.jpg,0
ks13utsj.jpg,37
ks2r9hvy.jpg,5
ksaddsne.jpg,3
ksh5bp7j.jpg,11
kshrr1j5.jpg,0
ksq3cnms.jpg,0
ksx20651.jpg,0
kszg11wa.jpg,1
kt420xkh.jpg,0
kt6vr0ji.jpg,1
kt8k749c.jpg,0
ktjc2v5z.jpg,5
ktk2uy9p.jpg,0
ktxsdqfg.jpg,0
kuep77q3.jpg,3
kupucuc1.jpg,0
kvabxl4n.jpg,3
kvjuvgko.jpg,49
kvmeytmj.jpg,2
kvssu41a.jpg,0
kvtm027q.jpg,2
kvult60a.jpg,0
kvzeizj4.jpg,0
kw0cz1n0.jpg,0
kw33fl55.jpg,0
kwb47fgw.jpg,0
kwb9yv0i.jpg,0
kwpgc4ry.jpg,1
kwse60rk.jpg,0
kx9z7x14.jpg,0
kxaqlxxq.jpg,4
kxjsw7ki.jpg,1
kxkq8td4.jpg,0
kybcrl7d.jpg,0
kyckhbdh.jpg,1
kyf0sfas.jpg,0
kyot0byx.jpg,0
kyq6lv2l.jpg,2
kzl9p6l5.jpg,2
kzlqdhdr.jpg,1
l00y27st.jpg,0
l1y3h0zy.jpg,2
l2a436k0.jpg,0
l2oe1ylv.jpg,1
l2xhybu2.jpg,2
l31lg97d.jpg,2
l3t9bh32.jpg,0
l3uy9tf4.jpg,0
l4384oas.jpg,13
l46lpzww.jpg,0
l4bkz173.jpg,0
l4xpjafv.jpg,0
l51y8ykj.jpg,0
l57mbjx5.jpg,4
l597it8i.jpg,0
l5c8n6sq.jpg,2
l5kmeov5.jpg,5
l5nddj0g.jpg,13
l5ost6c2.jpg,16
l5t7nj72.jpg,1
l5v7t08g.jpg,3
l5xcu3iy.jpg,0
l5yx2iro.jpg,0
l6oty60n.jpg,2
l70wtgd1.jpg,2
l7kf91xz.jpg,0
l8bgl8eg.jpg,0
l8sywp7y.jpg,4
l8tmovms.jpg,1
l8ur0dzm.jpg,0
l8yxhwl4.jpg,0
l901s5w4.jpg,4
l95i2anx.jpg,16
l97d8ao8.jpg,0
l9cio5kb.jpg,0
l9vescwt.jpg,1
la5u8ds8.jpg,0
la8e8ukt.jpg,10
la9dp07x.jpg,0
laqg9yh9.jpg,0
lb61n7vk.jpg,0
lbfajqe5.jpg,0
lbjgxpdi.jpg,0
lbjxuulm.jpg,1
lblkalau.jpg,0
lbsr7gop.jpg,5
lbzqyvwt.jpg,0
lcb9jha5.jpg,0
lcbo9kay.jpg,0
ld557bz7.jpg,2
ldpq3c1w.jpg,0
ldw3lhcr.jpg,5
lelyrf8r.jpg,10
les2wvh6.jpg,0
lfgm2kok.jpg,0
lg35k89d.jpg,4
lg54nan2.jpg,0
lg9im2o0.jpg,1
lgfbd3lx.jpg,21
lgj2l7a1.jpg,0
lh3mhrn4.jpg,0
li9ws8hf.jpg,1
lijylxc7.jpg,42
lj1qib0l.jpg,0
lj764668.jpg,1
lj8r81wr.jpg,2
ljwmfk21.jpg,0
lkdo7wv8.jpg,0
lkga01db.jpg,2
lktayn5g.jpg,1
ll2b3kc1.jpg,0
ll2hi0wn.jpg,0
llcy0ufn.jpg,1
lln2tk75.jpg,1
llxuwtm5.jpg,0
lm921ykz.jpg,1
lnapcmoe.jpg,0
lnbfbubz.jpg,1
lnsme8b2.jpg,0
lnyb112j.jpg,1
lo9ml44w.jpg,5
loc77cgn.jpg,7
los9w3cr.jpg,18
low2v24a.jpg,1
lp01dow8.jpg,1
lp8zeoig.jpg,0
lp97so89.jpg,0
lpeebz5y.jpg,0
lplvn2j9.jpg,0
lpt1b1od.jpg,10
lpu2iplk.jpg,0
lq0l717b.jpg,0
lr5g2woz.jpg,0
lrigjexv.jpg,0
lriiexrv.jpg,0
lrpqtuf4.jpg,0
lsakc3tz.jpg,0
lsni5pl7.jpg,1
lsrlmkla.jpg,7
lsvvrkwc.jpg,2
lt27ew44.jpg,0
lt759zh4.jpg,0
ltg3pkpv.jpg,0
ltnu3lbc.jpg,0
ltpsa3ac.jpg,2
ltrr83pn.jpg,2
ltt3g3vz.jpg,2
luk2gksp.jpg,3
lupmearv.jpg,4
lvflij2j.jpg,1
lvs7bzvy.jpg,3
lvyx8rl8.jpg,0
lw2q1cpw.jpg,0
lwbebwco.jpg,5
lwve7d4x.jpg,0
lx176ywd.jpg,0
lx435mvz.jpg,0
lxhfdajm.jpg,3
lxhpz3sy.jpg,0
lzayukv3.jpg,5
lzfiadop.jpg,0
lzx0swea.jpg,0
m0aovght.jpg,0
m0kabskp.jpg,2
m10jkjtj.jpg,40
m15qpry8.jpg,1
m19knjpk.jpg,0
m1ce7h1t.jpg,2
m1n5c1ej.jpg,0
m24xh9ld.jpg,2
m28quzr1.jpg,0
m2bh3g0n.jpg,9
m2cjwm73.jpg,9
m2kso8ac.jpg,0
m2zy7nlq.jpg,1
m3g1l2iz.jpg,12
m3u8lt1x.jpg,8
m432oqu0.jpg,1
m44xiywz.jpg,0
m4ypy2jb.jpg,0
m5pmrda8.jpg,0
m5ttn0bw.jpg,4
m5vionvw.jpg,0
m5word4e.jpg,0
m6aczgk9.jpg,0
m6fxgklj.jpg,0
m6kgq7ka.jpg,0
m6tfejo5.jpg,5
m6wjz6bf.jpg,2
m6zucikd.jpg,0
m78g94fs.jpg,0
m7hyauhx.jpg,1
m7k0a0x5.jpg,1
m841gc6m.jpg,12
m89q4x3d.jpg,2
m92z0yb8.jpg,0
m93o8h99.jpg,0
m94x05cd.jpg,0
m95vf3h7.jpg,4
m9brn2ur.jpg,4
m9h6gd0a.jpg,29
m9o1s9bf.jpg,0
m9tdh6fy.jpg,1
ma6vc45i.jpg,3
macghxt2.jpg,0
marjaqlp.jpg,2
mb1u96p1.jpg,0
mb7znkrs.jpg,0
mbjzv4ol.jpg,0
mbnej5qg.jpg,9
mca5umcl.jpg,6
mcbdx488.jpg,1
mcu9tddh.jpg,18
mcw078u5.jpg,5
md0jthwp.jpg,5
md2xmga6.jpg,0
mddu8avj.jpg,4
mdfiu96k.jpg,0
mdgs4dea.jpg,0
mdqh2duz.jpg,0
mdvvzbst.jpg,12
me2k66zw.jpg,6
med0ws3s.jpg,4
meg1v9gc.jpg,0
mevlv8kl.jpg,0
mf5rcpy4.jpg,0
mfdglr4h.jpg,10
mfuu17cv.jpg,0
mfxawoz8.jpg,0
mfyw9b5o.jpg,0
mgdm0cwa.jpg,4
mgtrmwss.jpg,2
mh25jdos.jpg,8
mh8cnzdk.jpg,0
mh9t14ii.jpg,0
mhmewlz7.jpg,2
mhy5mrzk.jpg,4
mi2lq7uj.jpg,0
mi5ebnew.jpg,1
mibzrirp.jpg,0
miet9t3l.jpg,0
miiztef6.jpg,1
miofdeta.jpg,4
mj9hrtt8.jpg,5
mjejhtb8.jpg,2
mjqj9h3s.jpg,4
mjternun.jpg,5
mjufmus5.jpg,0
mk7fc4xf.jpg,4
mk7ko5hg.jpg,0
mk8xssy4.jpg,1
mkp4cph6.jpg,1
mkwdioys.jpg,4
mlvy3ieb.jpg,1
mmxsjnf6.jpg,2
mn2zofwg.jpg,3
mn48zatx.jpg,0
mn5q7b5l.jpg,1
mnt6lhuv.jpg,0
mnt7debg.jpg,0
mo1b32xw.jpg,1
mo3t3j10.jpg,3
mo76j4i6.jpg,8
moa74b18.jpg,0
mobee686.jpg,0
moeax9hq.jpg,0
momdoc6r.jpg,7
momx62cx.jpg,0
mpsafe4t.jpg,16
mpul2zti.jpg,0
mq0ywvq9.jpg,0
mqgyj7mg.jpg,3
mqq8hand.jpg,0
mqvgi709.jpg,1
mr421afx.jpg,0
ms4yva9k.jpg,0
ms9bhf9y.jpg,0
msdumg2q.jpg,2
msl5bziu.jpg,1
msqq9m4t.jpg,0
mt0ahho4.jpg,0
mt5eg07f.jpg,0
mt6xvn6u.jpg,2
mtulq18y.jpg,0
mtv4vhrg.jpg,0
mtzxxpoh.jpg,5
mu2c571q.jpg,1
mu7teng4.jpg,0
mv2mmz49.jpg,0
mv7fea2f.jpg,0
mvhbhft1.jpg,11
mvu54jxi.jpg,0
mw034uim.jpg,11
mw47s63r.jpg,0
mwu1qfah.jpg,1
mwum4fe9.jpg,1
mwv8565q.jpg,0
mx7npz3e.jpg,12
mx9s71nf.jpg,0
mxilb6sc.jpg,0
mxvkv8ga.jpg,1
my05g8c8.jpg,0
myncpvzc.jpg,2
mzkbfih8.jpg,0
mzmlx194.jpg,0
n0eewiwo.jpg,1
n0ifdzpt.jpg,0
n0jw7yok.jpg,10
n0xsjdnk.jpg,2
n174xqwa.jpg,0
n1kquyv1.jpg,0
n1lga4zg.jpg,0
n1tnomjf.jpg,0
n1vlw9er.jpg,0
n22og2mg.jpg,0
n24jyrzf.jpg,0
n25sdw1m.jpg,0
n2kxv8s4.jpg,0
n3ibin4o.jpg,1
n3r9l9yr.jpg,0
n3ymbnyg.jpg,0
n49e1fhc.jpg,0
n4hbfbxr.jpg,2
n4vqyqup.jpg,0
n516dw87.jpg,9
n5gjhglo.jpg,0
n5oldwmy.jpg,0
n5uhrsg6.jpg,5
n61xvbq5.jpg,18
n63wt94w.jpg,0
n669rrvr.jpg,0
n66qkxzl.jpg,0
n6suhjt9.jpg,2
n6x4wmne.jpg,0
n7jl3exa.jpg,0
n7js6004.jpg,0
n7qdjy0p.jpg,1
n7yn1eke.jpg,0
n88upk3k.jpg,0
n8uuic8j.jpg,1
n94a2rz0.jpg,0
n96h47kq.jpg,7
n989v0qd.jpg,0
n9dt3jxb.jpg,1
n9hcucd4.jpg,0
n9s22aex.jpg,23
naibr7f8.jpg,0
nau8i9vk.jpg,2
naykyx5k.jpg,0
nazkbe9d.jpg,2
nb49chve.jpg,0
nb4qeob5.jpg,0
nb77oteo.jpg,0
nb8tsubz.jpg,0
nbgy9nl2.jpg,0
nbjtryy8.jpg,0
nbktuqg1.jpg,5
nbn9aiyf.jpg,4
nbo1f4ny.jpg,0
nbvryyxe.jpg,3
nca7hhre.jpg,2
ncluw13f.jpg,13
ncmwfpdj.jpg,16
ncsml0ey.jpg,0
ncw2fphj.jpg,1
nd0fa71z.jpg,1
nd0nzgbx.jpg,0
ndgc4xt3.jpg,0
ndkfc3tk.jpg,0
nenj4cs8.jpg,0
nevw99gc.jpg,3
nf5rwish.jpg,1
nfxd6ijn.jpg,2
ng69gtq4.jpg,0
ng6pjhfe.jpg,0
ngp3fdlp.jpg,13
nhnaiz3d.jpg,0
nho2j1xg.jpg,0
nhsdoarn.jpg,5
nhz2utnx.jpg,0
nie7ivn0.jpg,0
nieqadtg.jpg,1
nif1636r.jpg,7
nihkbyqw.jpg,0
nilr2wnc.jpg,0
nin7y9cv.jpg,0
niy1hzn8.jpg,0
njialpif.jpg,0
njovkwml.jpg,0
njrvcpje.jpg,2
njs2byoi.jpg,32
nk33nr3s.jpg,0
nk3tb4xr.jpg,9
nkffjur5.jpg,1
nkft1paa.jpg,3
nkg0xiah.jpg,0
nl5q6hxl.jpg,0
nl7rs6wb.jpg,4
nlmvlm4u.jpg,2
nls94h7s.jpg,2
nlvo67u8.jpg,0
nm8588vt.jpg,0
nma0gvw6.jpg,0
nmfdjo87.jpg,2
nn3jrfnd.jpg,4
nnfcpu8x.jpg,1
nnff75nl.jpg,0
nnjn28xt.jpg,0
no0oge1z.jpg,0
no4b9957.jpg,0
no5npo09.jpg,0
no6pc45v.jpg,0
nogexc19.jpg,12
nohaev5s.jpg,0
nooblaxz.jpg,0
nor6z32w.jpg,3
np66k3ui.jpg,0
npeq7ijo.jpg,6
nppn2bam.jpg,0
nq10hpzu.jpg,2
nq4fwba4.jpg,5
nq9vyhmg.jpg,0
nqgszfl6.jpg,3
nqkjhr3j.jpg,1
nqooydcy.jpg,0
nqq38kd2.jpg,22
nr5kcxiw.jpg,0
nr6x17gv.jpg,0
nrg35f4q.jpg,0
nrjkhwc3.jpg,0
nrpggi6q.jpg,14
nrwlpg8d.jpg,0
ns0q68kt.jpg,1
nsmynxdi.jpg,0
nsqow5jj.jpg,7
ntc1lu8f.jpg,0
ntdnorfc.jpg,1
nunf6eid.jpg,5
nveg7klg.jpg,4
nvgy45mq.jpg,1
nvgzb2gp.jpg,3
nvswuvw3.jpg,0
nvyocb9c.jpg,0
nw59pmhb.jpg,1
nw8h396m.jpg,6
nwc9rx97.jpg,4
nwle4snl.jpg,2
nx1upda8.jpg,8
nx4r7kg5.jpg,2
nx7o7rai.jpg,6
nx9sgo6b.jpg,0
nyf0qfue.jpg,0
nykci87t.jpg,1
nyof0baw.jpg,1
nyv6b8ll.jpg,0
nzij0tbb.jpg,27
nzolhr6c.jpg,0
o05sh3mr.jpg,1
o0hq9n5s.jpg,0
o0j96usc.jpg,3
o1kkydt5.jpg,0
o1kzqxid.jpg,0
o1q2mt38.jpg,4
o1veiqbq.jpg,5
o241otwu.jpg,1
o2tfxk0r.jpg,0
o3b1jwe0.jpg,0
o3doiyeu.jpg,0
o3drgy0q.jpg,0
o3eye3xz.jpg,0
o3frxtwf.jpg,0
o4erexbv.jpg,2
o5nmijpq.jpg,2
o5nri2s8.jpg,1
o5rduqr9.jpg,4
o5vejhzc.jpg,1
o67e69gd.jpg,0
o6dkys43.jpg,1
o70m6znv.jpg,0
o7dc8yop.jpg,0
o7j1y322.jpg,0
o7z00y32.jpg,0
o8jf6iuq.jpg,0
o8ln3equ.jpg,0
o8wo92ss.jpg,2
o922sjdo.jpg,0
oa9asnbj.jpg,1
oasfdiam.jpg,23
obd2s9o8.jpg,1
objbbm7v.jpg,0
ocbhu5ak.jpg,1
ocli2m41.jpg,1
ocq54qq6.jpg,0
ocu3onk7.jpg,1
ocxd6up4.jpg,1
od0hd4s9.jpg,10
odetgi49.jpg,0
odh2wqz8.jpg,0
odjnid1p.jpg,6
odq5n2my.jpg,0
odq93ehg.jpg,5
oe14zud1.jpg,0
oe4oue0k.jpg,0
oeghrs1z.jpg,0
oemslx2k.jpg,0
oesxclc2.jpg,10
of3sy75c.jpg,0
of8zc3cs.jpg,3
ofkqcv13.jpg,2
ofo1hbhc.jpg,0
ofqchisn.jpg,2
og7axqi8.jpg,0
ogfccqrz.jpg,5
ogowc2fc.jpg,0
ogr2rlqu.jpg,2
ogsmumc3.jpg,2
ogwgioyt.jpg,2
oh94uoj5.jpg,0
ohbe5z93.jpg,10
ohjo1vld.jpg,0
ohkao8cz.jpg,0
ohy5y707.jpg,0
ohyyhrqd.jpg,0
oi3iwevb.jpg,0
oi4lw0pu.jpg,0
oj0eiw8e.jpg,0
ojb19oce.jpg,13
ojeo9962.jpg,6
ojfw06uc.jpg,0
ok1d4zge.jpg,0
ok7y41sj.jpg,28
oku1e9f5.jpg,3
okx63vkj.jpg,0
okze17qd.jpg,6
okzjhxl2.jpg,22
ol5asdgv.jpg,9
olgkxw8d.jpg,1
oli3tcx6.jpg,0
om0b1721.jpg,5
om7my744.jpg,1
om8l2k2s.jpg,0
omlviibe.jpg,0
on4bvwb0.jpg,2
on7zb8x5.jpg,3
onc7stsr.jpg,5
onnsggo8.jpg,2
onu93im4.jpg,0
onxb0e8i.jpg,3
ony405na.jpg,0
onzmhpec.jpg,0
oo0e4a88.jpg,4
oo34ftbx.jpg,1
ooobrtyu.jpg,0
ooou315z.jpg,1
oor2n4h9.jpg,0
oor9edde.jpg,1
op29otyq.jpg,1
opjh6j0s.jpg,0
opn0dho5.jpg,1
opqzqv38.jpg,0
oqbi3lgd.jpg,31
oqh5qe99.jpg,0
oqvu6hc9.jpg,0
or94msre.jpg,2
ore1fke4.jpg,0
orj0h3dt.jpg,0
orqps8o4.jpg,3
ors2bty5.jpg,6
orsztmtq.jpg,1
osabwmys.jpg,0
osecdvjk.jpg,4
osw4wh11.jpg,0
oszfjvg6.jpg,1
ot5fivkg.jpg,0
ot6tsvc9.jpg,1
ot872fb5.jpg,0
ot8t8sak.jpg,3
otbtkk4w.jpg,1
otgrx2oe.jpg,0
otkm34v4.jpg,3
otm6vzgq.jpg,6
ou1gdmze.jpg,6
ou8epq0y.jpg,6
oubhb4fp.jpg,1
oudzoda6.jpg,0
ouexjxjw.jpg,5
ouhhs5dt.jpg,0
ouz6q9mo.jpg,3
ov1t7y01.jpg,0
ovac70ix.jpg,16
ovbi0eld.jpg,7
ovbzxa60.jpg,0
ovc5gc0h.jpg,0
ovce6xxm.jpg,3
owlh17ez.jpg,18
ownaprka.jpg,0
oxdjb0ie.jpg,0
oy89penr.jpg,0
oz3196og.jpg,1
oz4ztmck.jpg,0
oz5f1q1f.jpg,2
ozma5fn3.jpg,1
ozyorkia.jpg,0
p0ce3t4j.jpg,0
p0fy9ex3.jpg,2
p0g5kplc.jpg,0
p0rly1ap.jpg,2
p1bsn9ra.jpg,0
p1tamqkm.jpg,2
p1xykqxz.jpg,1
p2c94akc.jpg,3
p2d7i4ak.jpg,4
p2kom5m8.jpg,0
p2udihz4.jpg,1
p38lg2x7.jpg,1
p3vdvr5x.jpg,5
p3zjp0r3.jpg,0
p4046n1e.jpg,1
p492marf.jpg,0
p4vwjoxb.jpg,0
p4xiomrk.jpg,0
p55fqkwb.jpg,0
p5dw6oqo.jpg,0
p5x2g3uw.jpg,14
p60jc4po.jpg,1
p67gt097.jpg,0
p6p1pkja.jpg,2
p6pw3bk6.jpg,0
p7hkinbn.jpg,1
p8gxsvy4.jpg,0
p8j7hbob.jpg,34
p9c8u6pa.jpg,9
p9enf7hb.jpg,1
p9ni665m.jpg,7
p9ytpe7r.jpg,2
pa6f8805.jpg,11
pa8y8wkg.jpg,0
paokxy5h.jpg,0
paqmu489.jpg,0
paz2vop8.jpg,0
pb7t6uq0.jpg,4
pbgqegd5.jpg,4
pbim1pwd.jpg,0
pbqirl5l.jpg,0
pbwrgm38.jpg,0
pbyctoh7.jpg,4
pbyet4mg.jpg,0
pc1s25q4.jpg,1
pcajvkpq.jpg,0
pcfllliw.jpg,3
pcyd90ze.jpg,1
pd1d1vhz.jpg,0
pd4pejku.jpg,8
pdfhdof1.jpg,1
pdg9ycqo.jpg,0
pduujo79.jpg,0
pe0igpsx.jpg,2
pfnvun6r.jpg,0
pfy7way2.jpg,1
pg0jptk2.jpg,2
pghxff6a.jpg,0
pgy5xgax.jpg,0
pichqz0y.jpg,2
pio8kdnr.jpg,2
pisf6u42.jpg,0
pivt3gzq.jpg,0
pj4xlkvz.jpg,0
pjiu5j40.jpg,1
pjv4pavz.jpg,0
pkc9po6t.jpg,0
pki51s55.jpg,1
pkjcdntq.jpg,1
pkodf351.jpg,3
pkrate04.jpg,6
plh7tfjd.jpg,0
pljkrd44.jpg,0
pllkzt21.jpg,0
plwl2jbc.jpg,4
pm003fmy.jpg,12
pm7s3ne0.jpg,3
pmmx0keo.jpg,2
pmpisp2w.jpg,1
pn2moavz.jpg,0
pn8ypflf.jpg,1
pnv59gaz.jpg,0
pnxxa03m.jpg,5
poy3enbs.jpg,0
pp3eauz9.jpg,30
pp8lljp4.jpg,4
ppfajs4g.jpg,2
ppmx1uoo.jpg,0
ppo5rujn.jpg,0
ppoe4gdx.jpg,6
pqfsafdx.jpg,1
pqh2cdji.jpg,11
pql6wjdj.jpg,0
pqr1bgve.jpg,5
pqyrs79y.jpg,0
pr1rfadr.jpg,0
pr2qkary.jpg,6
pr3665q0.jpg,1
prdn45ud.jpg,0
prf4ygfs.jpg,5
prg0kx50.jpg,2
prgfoxo9.jpg,13
prwzmih4.jpg,4
ps0phcny.jpg,4
psptnmxv.jpg,2
psuhw6f2.jpg,0
psw4z5rf.jpg,0
psztiazv.jpg,1
ptfjmwqz.jpg,0
ptve0cgx.jpg,1
ptyiquo9.jpg,0
pua0qrxn.jpg,13
puewlkl4.jpg,3
punhbchr.jpg,1
purrkt4a.jpg,1
pvcb7kna.jpg,0
pvg9jcwz.jpg,8
pvi7fhiz.jpg,0
pvj5mqt2.jpg,0
pvvng8qe.jpg,1
pwd68ses.jpg,0
pwdunppu.jpg,5
pwrmd3qf.jpg,0
pwyplx0s.jpg,0
px0ktovx.jpg,0
px0ul3dr.jpg,2
pxi2izec.jpg,0
pxv0th3l.jpg,2
pxyvfqxq.jpg,0
py1ner8x.jpg,2
py2etngj.jpg,0
pyopec3k.jpg,0
pyqwox9f.jpg,0
pyw3vprp.jpg,0
pyyxbjt9.jpg,2
pz4k18sy.jpg,3
pzdmb8y6.jpg,0
pzj78gv6.jpg,0
pzpg0rgb.jpg,2
pztsm5ej.jpg,0
pztunklz.jpg,0
q016fw4a.jpg,3
q053zd4w.jpg,0
q075jgtc.jpg,16
q07xyecg.jpg,0
q0kdy026.jpg,5
q0kvvyii.jpg,4
q0s35hzp.jpg,0
q1f3n9o6.jpg,2
q1vpfihf.jpg,2
q2f8rywl.jpg,0
q2pjk3mf.jpg,0
q2u15k9h.jpg,1
q336geoj.jpg,10
q3km3lib.jpg,0
q45gyxoe.jpg,0
q48bidyl.jpg,1
q4c5u82x.jpg,0
q4c9v0wb.jpg,8
q4glcyu9.jpg,1
q4nfmqzx.jpg,0
q5byqlne.jpg,0
q5o689hx.jpg,0
q63fjjfx.jpg,0
q65x03v5.jpg,4
q6h57n8t.jpg,18
q6hgmz3z.jpg,1
q7871ibl.jpg,1
q7r4no7a.jpg,0
q7zsyz28.jpg,4
q8ao09lo.jpg,1
q8s3ax2f.jpg,15
q8yi83m7.jpg,11
q9xb3g53.jpg,0
qa3p4hpc.jpg,2
qau7r55c.jpg,0
qb04k52a.jpg,5
qb69lo0u.jpg,0
qb6asyii.jpg,2
qbb5zrf4.jpg,1
qbkmxlgi.jpg,2
qbtl8mab.jpg,0
qc5fkjfd.jpg,0
qcmdwnty.jpg,2
qco3rmqn.jpg,0
qcp3730w.jpg,0
qcub6kdw.jpg,0
qcuhx9dx.jpg,2
qdckphpo.jpg,1
qekma0b2.jpg,0
qf0zpxus.jpg,20
qf2xlhuu.jpg,0
qf52pgbl.jpg,0
qf5jaiyv.jpg,0
qfjdib2j.jpg,0
qfs3ej59.jpg,7
qg8keeiu.jpg,0
qgki6i8o.jpg,0
qgqm50p9.jpg,8
qh34tcd4.jpg,0
qiauo3df.jpg,5
qix136jp.jpg,5
qj7vi5s2.jpg,0
qjny1cu9.jpg,0
qjqwad0o.jpg,14
qju5klwn.jpg,0
qn9gj0mx.jpg,0
qnprg86m.jpg,0
qo36a2a3.jpg,0
qo4yejj9.jpg,4
qo7634yj.jpg,14
qob463fc.jpg,1
qojbtxtg.jpg,1
qovuvjou.jpg,8
qowcvo2v.jpg,0
qp3n5c6c.jpg,4
qp7ce5nc.jpg,0
qpi21t77.jpg,0
qqiasaos.jpg,0
qqll846k.jpg,0
qqnqxd0k.jpg,1
qqvxeiwq.jpg,28
qqxrml9m.jpg,0
qr4eb1ov.jpg,0
qrbcnhog.jpg,0
qrd73lit.jpg,8
qrdbsst6.jpg,1
qrfole8s.jpg,5
qrgbqmyk.jpg,1
qrguntxk.jpg,0
qrobpu9d.jpg,0
qs3cr2a2.jpg,0
qsi7wipr.jpg,7
qsu311ag.jpg,1
qswj5cvk.jpg,0
qsy7ceta.jpg,9
qt16h914.jpg,0
qtiix208.jpg,1
qtqe17fv.jpg,1
qtw8zrh0.jpg,0
qu07f1p0.jpg,0
qu71vd0p.jpg,0
quo33xlr.jpg,0
qv1evzvz.jpg,0
qvd6rzrr.jpg,7
qwe41nky.jpg,20
qxbn5yv1.jpg,0
qy1dsn6b.jpg,0
qy4f55zi.jpg,2
qyevlkht.jpg,0
qytsrbk1.jpg,4
qyuvdzxr.jpg,0
qyxy6fsj.jpg,0
qyy44tpp.jpg,0
qz6kphyc.jpg,4
qz8lqu7x.jpg,0
qz9094b1.jpg,0
qzp0ecxb.jpg,2
r02y796f.jpg,4
r06dqzmc.jpg,0
r08ebhf0.jpg,2
r0bvl744.jpg,0
r0twoll5.jpg,0
r1h43ryl.jpg,5
r1hqx6j2.jpg,0
r1lluhqx.jpg,0
r2l64kru.jpg,12
r2rhjo8u.jpg,10
r2rvi6j0.jpg,3
r2uvaxup.jpg,3
r2wp36rv.jpg,0
r35xjgyx.jpg,0
r3fscte9.jpg,0
r3nc208z.jpg,19
r3y93pa6.jpg,0
r45unvz4.jpg,0
r4cyuanb.jpg,0
r4d1uqcg.jpg,0
r4ea9iuq.jpg,0
r4yyappa.jpg,3
r4z4ukql.jpg,1
r507bill.jpg,0
r5c37kuy.jpg,2
r5ndcls4.jpg,0
r68m7sbk.jpg,3
r6glfkhm.jpg,3
r6kreo0v.jpg,0
r73udoe3.jpg,1
r7cgsqjt.jpg,7
r7eb1sdm.jpg,3
r82neyhy.jpg,0
r8alk78z.jpg,0
r8y6myoi.jpg,0
r8z6xjbl.jpg,0
r8zhn4tn.jpg,0
r9233nda.jpg,0
r95h5zom.jpg,0
r9al95vb.jpg,0
r9hs3p5y.jpg,0
r9rq07sw.jpg,11
r9wjfbc3.jpg,5
ra2nhgg7.jpg,6
rahgte9q.jpg,7
raosjh89.jpg,0
rasjodjk.jpg,0
rayuz5nz.jpg,22
rb3b42zy.jpg,10
rb7zle3a.jpg,0
rbf7x3ly.jpg,12
rbjg8pb4.jpg,0
rc4xwac3.jpg,2
rcg7dm3p.jpg,0
rchap57e.jpg,0
rcilxqn7.jpg,3
rclku9ck.jpg,4
rcvndww9.jpg,4
rd4ui1ol.jpg,0
rdg3qunp.jpg,0
re0if1vg.jpg,0
re1uy1ch.jpg,0
re2y9oag.jpg,0
re6s0gjb.jpg,6
ree3bmc1.jpg,2
rf1w46qk.jpg,2
rfbvlfqc.jpg,4
rfilcy1h.jpg,2
rfkkyejd.jpg,0
rgqef0s5.jpg,13
rgv62l3e.jpg,0
rgy6fse2.jpg,0
rgy9ydbg.jpg,1
rgyalrfr.jpg,3
rh8pn8ht.jpg,0
rhaixvwz.jpg,1
rhiwahi0.jpg,3
rhjr5vw7.jpg,1
rhpheyji.jpg,0
rhtz9ndx.jpg,0
rhu1ruyj.jpg,1
ri2xkuo9.jpg,1
ri8nyvqf.jpg,0
ri9i3rgr.jpg,4
riaramzo.jpg,0
ricgey51.jpg,42
rij47hr5.jpg,3
riuuhuat.jpg,0
riw3iprx.jpg,1
rj6h285c.jpg,0
rjan48sq.jpg,2
rjs2rfv4.jpg,0
rjzui12k.jpg,0
rkai7nyg.jpg,33
rkiz5gdc.jpg,5
rkmg6elv.jpg,0
rkmoa74b.jpg,0
rkn17ffi.jpg,3
rkqob3gn.jpg,3
rkqv19wc.jpg,0
rkugf4jj.jpg,0
rl9x9szw.jpg,16
rlcwq5xp.jpg,0
rlhla3gx.jpg,5
rllgfum1.jpg,1
rlpf4gkh.jpg,1
rlrdcls4.jpg,2
rlx5qypw.jpg,0
rlyak531.jpg,0
rm5t2r18.jpg,0
rm6w1yxi.jpg,1
rm762mg7.jpg,0
rm85rx0a.jpg,4
rmscngoj.jpg,3
rmzxyt55.jpg,19
rnlp9d9u.jpg,7
rnwt4g6r.jpg,0
rnxyrqzv.jpg,0
ro8fsqba.jpg,0
roerucxt.jpg,3
rofufv98.jpg,0
rpomcyp7.jpg,0
rq7zo7dp.jpg,1
rqfvbxzj.jpg,3
rrdy7n22.jpg,1
rrg305x0.jpg,0
rs8b3x6s.jpg,0
rt4ooy3e.jpg,7
rt9uwb2a.jpg,0
rtcd3tma.jpg,0
rupmen9v.jpg,3
ruuu8efd.jpg,0
ruz0t9a4.jpg,0
rv34ju3b.jpg,1
rv5ihk3f.jpg,0
rv9toc4b.jpg,10
rw6kfw4m.jpg,0
rwm6o4zk.jpg,9
rx6q2q0g.jpg,0
rx7wkiwx.jpg,1
ry0ynddg.jpg,0
ryloy09h.jpg,3
ryq7i39u.jpg,0
ryqa27ey.jpg,4
ryt153tw.jpg,31
rz0gu9oj.jpg,0
rz0pvf0p.jpg,0
rzafupdv.jpg,0
rzarbmui.jpg,1
rzdww4at.jpg,1
rzeb68pr.jpg,0
s0412rwc.jpg,0
s04ecz30.jpg,0
s04j66dy.jpg,0
s0hoh72b.jpg,0
s0s0zcrr.jpg,0
s0un6brf.jpg,0
s0yi9lsz.jpg,0
s1a39k15.jpg,0
s1ldycqq.jpg,1
s22a7sib.jpg,0
s29ooosz.jpg,1
s2a345ne.jpg,10
s2wnc9r0.jpg,41
s33gd95e.jpg,24
s38n3enn.jpg,0
s3mbgaj7.jpg,5
s3ujia4s.jpg,6
s4bt39j7.jpg,0
s4uhq9l3.jpg,1
s4vtq7xr.jpg,7
s50196xa.jpg,2
s5ershhl.jpg,4
s5fgnvz3.jpg,0
s6bgocd5.jpg,0
s6d4ju5c.jpg,0
s6k2x3x4.jpg,1
s72gox2m.jpg,15
s7e4qeux.jpg,0
s83g5ukx.jpg,15
s84yozwf.jpg,1
s8lutmh3.jpg,0
s94pvju1.jpg,0
s9aek7lb.jpg,1
s9ytq7ql.jpg,5
sailcc2o.jpg,0
saozyz5w.jpg,3
saz7hspt.jpg,1
sbgs31ji.jpg,0
sbjqko20.jpg,0
sbmsjjto.jpg,0
sbsdwnc4.jpg,0
sc8lpthj.jpg,0
scd30eo9.jpg,0
scho879w.jpg,0
sciie88b.jpg,3
scz2y9lo.jpg,0
sd9lajw4.jpg,0
sdblu2ri.jpg,14
se47xd3u.jpg,23
se6buv1p.jpg,1
sfbybxzv.jpg,30
sfgyjkk7.jpg,0
sfu2cvo3.jpg,0
sfvo9cyj.jpg,5
sfxeqmme.jpg,1
sgdb7mhw.jpg,0
sgyo60ix.jpg,0
sh8232oz.jpg,6
sha3bnur.jpg,0
shg1yb5q.jpg,0
shkwhebh.jpg,0
shqef1wo.jpg,0
sidbcwrd.jpg,6
sit7qukr.jpg,1
siut1bid.jpg,0
sj1em3kb.jpg,1
sj2vzkce.jpg,0
sjg4w41o.jpg,8
sjjdstq6.jpg,1
sjk1lutx.jpg,9
sjqyzmsp.jpg,24
sk3jtseo.jpg,3
sk5cpw7p.jpg,0
sk7q6dji.jpg,0
skc1mm49.jpg,0
skdg8f20.jpg,0
skk9bite.jpg,0
skpmsg2e.jpg,4
skrhr1ui.jpg,1
slifadb6.jpg,0
slvybxux.jpg,4
sm4qli26.jpg,0
sm81v5fs.jpg,0
sn4arphf.jpg,4
sngrk0ql.jpg,0
snp0i90d.jpg,0
so8g698d.jpg,22
sovig1uw.jpg,2
sox83ri2.jpg,20
sp643o3z.jpg,0
spfbjddl.jpg,1
spun3w5b.jpg,0
sq5m4wa8.jpg,0
sq8yv1xh.jpg,1
sqe4s8ar.jpg,4
sqiyrdgh.jpg,0
sr1rrjkl.jpg,10
sr6gdod8.jpg,0
sr9l8r83.jpg,8
sre0i4cb.jpg,0
srj280ao.jpg,3
sruk8wee.jpg,5
ss411cjd.jpg,39
ss4baisi.jpg,17
ss5mr29n.jpg,1
ssfslbfe.jpg,0
ssmx4twm.jpg,0
st70yqj5.jpg,0
std0n9t8.jpg,3
stx0jbdc.jpg,0
su0pxzri.jpg,0
su7yequn.jpg,0
sua6irdi.jpg,2
sudsmk94.jpg,0
suitg178.jpg,0
suq1co17.jpg,0
sv8cgvp5.jpg,0
sviu1sfp.jpg,0
svv3v91g.jpg,5
sw17q9v0.jpg,0
swc9swlh.jpg,0
swly9udw.jpg,13
swze9my3.jpg,0
sxc3q02o.jpg,30
sxzvn5l3.jpg,6
sy3nsxrl.jpg,1
sy8h9jsn.jpg,0
sycucfrc.jpg,4
sye6rxsu.jpg,0
syzb555e.jpg,0
sz0an1x4.jpg,0
sz9rhy3j.jpg,2
szgp75c1.jpg,1
szjhklb0.jpg,0
szl9uaoo.jpg,0
szurbg1d.jpg,0
szwzvl6y.jpg,7
t01eozrq.jpg,2
t03k70uz.jpg,9
t04zweyd.jpg,4
t0bgz7ax.jpg,6
t0p2tmvs.jpg,0
t158i4in.jpg,5
t1w7q7op.jpg,0
t2yg2ewc.jpg,1
t328qq0e.jpg,1
t3axd5u3.jpg,1
t437s0b9.jpg,0
t49z4u8o.jpg,0
t53kzfgz.jpg,0
t61goflx.jpg,0
t6hc6zst.jpg,1
t6ky1akc.jpg,1
t6lgjio3.jpg,1
t6rxwy2r.jpg,0
t744lxom.jpg,0
t7qhybqt.jpg,4
t7vnz98o.jpg,0
t86ql6fq.jpg,0
t8cse8ck.jpg,1
t8kbdeqg.jpg,0
t8qtgzmh.jpg,0
t93lbx9z.jpg,0
t9mermfl.jpg,2
t9p7ecl4.jpg,1
ta1ifk1h.jpg,0
ta2ihr66.jpg,0
tam35hde.jpg,0
tamn2mmz.jpg,0
tau5ujcd.jpg,0
tax1cdgl.jpg,0
tb6s29zi.jpg,1
tb8xajrl.jpg,1
tbdux0xb.jpg,6
tbzr6zsr.jpg,2
tc3robyh.jpg,3
tc8vp879.jpg,0
tcv1rkeg.jpg,7
td0vd2jf.jpg,0
tdj7ay37.jpg,15
tdmite1q.jpg,18
tdp2oacx.jpg,0
tdtqufhw.jpg,0
telh9555.jpg,1
temv12zh.jpg,0
tenwuntm.jpg,0
tf3n8sni.jpg,1
tfap96x2.jpg,0
tfihpar4.jpg,0
tfkebvqy.jpg,1
tg1939jy.jpg,1
tgb1tdfo.jpg,3
tgppaqxx.jpg,1
tgt0aq1s.jpg,0
tgwvlzgk.jpg,4
th04ukqq.jpg,0
th9nlmob.jpg,0
thcibmqp.jpg,8
thgo564n.jpg,0
thsun6bx.jpg,3
ti5dzy14.jpg,2
ti9qdzld.jpg,4
ti9t0gy4.jpg,0
tibl6dwn.jpg,0
tibs2ylo.jpg,0
tibvoh82.jpg,1
tieguf3c.jpg,4
tieopsyj.jpg,2
tilplzny.jpg,0
tirbpv1s.jpg,1
tjck8gy6.jpg,0
tjmod5mc.jpg,0
tjzr11mc.jpg,0
tjzvdntt.jpg,0
tk5xf5kc.jpg,0
tka18fwe.jpg,0
tkd7i52d.jpg,0
tkdspyqp.jpg,7
tkmcp8ib.jpg,0
tl5omqcd.jpg,0
tl7xsf5j.jpg,16
tl9ptzx4.jpg,1
tlb5zo9o.jpg,0
tluo1cy3.jpg,0
tm2blkvk.jpg,0
tm3pn0b3.jpg,4
tmf39h0u.jpg,0
tnqrz3e8.jpg,5
tnxyih7p.jpg,14
toihvytb.jpg,0
too6yng6.jpg,3
toy5wsey.jpg,0
tp6je44p.jpg,0
tph8qaiq.jpg,12
tq4uwcoo.jpg,0
tqmcuslq.jpg,0
tr6we624.jpg,3
tr9h11l9.jpg,12
ts2ozr6p.jpg,24
ts9fmazf.jpg,3
tsbnkmka.jpg,7
tsferm2e.jpg,0
tsfwz1yo.jpg,0
tslqvktp.jpg,0
tssybe8d.jpg,0
tt9vbjts.jpg,14
ttc96587.jpg,13
ttlvprjg.jpg,3
ttqod7ww.jpg,32
ttx6n170.jpg,1
ttzl3wen.jpg,0
tu0pe2xi.jpg,0
tu2o1441.jpg,0
tu94accd.jpg,1
tugqk8rw.jpg,0
tugrv6ka.jpg,2
tv74n7ua.jpg,1
tvrwflvh.jpg,0
tvv95ks4.jpg,0
twqjhngb.jpg,0
tx6q4ub2.jpg,1
txbim736.jpg,0
txssjtf2.jpg,0
txynphmx.jpg,0
ty1bsqxg.jpg,2
tydw5hua.jpg,3
tyxa5gzd.jpg,2
tz1fgzzz.jpg,2
tz1uml1k.jpg,7
tz4psb8o.jpg,0
tzcrzlyy.jpg,0
tznmhz83.jpg,1
tztrgrpu.jpg,1
tzyk48fn.jpg,23
u029zgcm.jpg,0
u07w0x0y.jpg,2
u0882elt.jpg,6
u0m8zdqu.jpg,1
u0q22ytz.jpg,12
u0r7d0qd.jpg,0
u17dznzt.jpg,0
u1hlyr3p.jpg,1
u1ighbwk.jpg,10
u1lm5i1s.jpg,1
u1lse104.jpg,0
u1m3bkfr.jpg,0
u1t97m2e.jpg,0
u1zkfkbv.jpg,1
u20xlc5s.jpg,2
u2aw980w.jpg,2
u2dlv0ka.jpg,10
u2f06lnv.jpg,26
u2jisxe1.jpg,2
u2y535pm.jpg,0
u31hlrpt.jpg,4
u31z3y51.jpg,0
u34e5enl.jpg,0
u3bfzev9.jpg,0
u3v1nvw1.jpg,0
u4av0k70.jpg,0
u51rwrye.jpg,0
u58zybg5.jpg,0
u5d3y1cc.jpg,0
u5h2nupv.jpg,0
u649boxc.jpg,0
u6ms1pbv.jpg,2
u6tqqozv.jpg,0
u7ed4qae.jpg,0
u7uvwuqs.jpg,0
u84fc2ct.jpg,0
u8clswv8.jpg,0
u8vedc0c.jpg,39
u8w5i6s8.jpg,0
u8yfo8ut.jpg,10
u9bcp1sl.jpg,0
u9ju7vjn.jpg,2
u9tm719t.jpg,0
uafzqzrv.jpg,0
uan1458k.jpg,5
uao2xdac.jpg,0
ub0g5v96.jpg,0
ub7vpoxl.jpg,2
ubgap355.jpg,0
ublqum80.jpg,0
uc5lwaif.jpg,15
ucbo0gqy.jpg,0
ucgpcwnf.jpg,0
ucs0d3ov.jpg,0
ud4gcqli.jpg,0
udduz1bi.jpg,0
udg7k776.jpg,1
udyv80qo.jpg,4
ue9flroy.jpg,1
uef4p2zp.jpg,0
uekg6vo3.jpg,1
uenxbnt5.jpg,0
uf1f68wg.jpg,1
uf9alhlt.jpg,7
ufcaxl52.jpg,5
uffmn0id.jpg,0
ufkzsf18.jpg,3
uflwb88j.jpg,14
ufmemqrn.jpg,0
ufrwhg97.jpg,7
ufts51do.jpg,0
ug2x7uxj.jpg,3
ug6vlyky.jpg,1
ugauq0xh.jpg,4
ugd099lx.jpg,0
ugkozzkk.jpg,22
ugmclezd.jpg,3
uhxk0ekh.jpg,0
ui7xqxo3.jpg,0
uiw3uiim.jpg,2
uizp7gmh.jpg,0
uj3d8zaw.jpg,0
ujqw66um.jpg,1
ukihs2n1.jpg,0
ukol3tuc.jpg,5
ul5zij59.jpg,0
ul9cwjwi.jpg,0
ulxfs1vx.jpg,0
um09od7z.jpg,0
um694w89.jpg,0
umou2ezq.jpg,1
ump5c9k7.jpg,2
umuem6ck.jpg,1
unbsj8b5.jpg,0
unrmltnn.jpg,0
uo0b39vv.jpg,7
uob7hlvy.jpg,6
uou259fq.jpg,0
uovf511z.jpg,0
up06tibl.jpg,1
upd9cbrj.jpg,0
upnb40cb.jpg,0
upwjpe90.jpg,0
uq7k9km9.jpg,1
uqex16rf.jpg,1
uqlze5ld.jpg,5
uqm6vp4s.jpg,6
uqos0e2b.jpg,0
uqw21hip.jpg,0
ur2mwoom.jpg,4
ur6osibw.jpg,21
urbg7amy.jpg,2
urm84ddx.jpg,2
us93p9h4.jpg,1
usarkx2m.jpg,10
usay4qin.jpg,0
usjqp6hv.jpg,1
usju4xo8.jpg,0
uslwuq0a.jpg,2
usqkmk7u.jpg,4
ut0sn65j.jpg,0
utqyn6tl.jpg,4
utsrh7nf.jpg,0
uu679oiy.jpg,0
uu9mnzu8.jpg,1
uupuvtjz.jpg,2
uurvfcxb.jpg,0
uv3pj59s.jpg,0
uv5culml.jpg,28
uv9qsmmn.jpg,2
uvhm705u.jpg,0
uvwa7xqd.jpg,0
uvx34wft.jpg,0
uw7bre58.jpg,7
uw87n3wq.jpg,3
uw8cchwm.jpg,1
uwh6oiz7.jpg,1
uwjue3u5.jpg,1
uwmp5qf5.jpg,3
uwu4roah.jpg,0
uyauytag.jpg,0
uybmdaws.jpg,0
uyokvtdm.jpg,0
uz0wt35y.jpg,1
uz4j8i1q.jpg,1
uzfiy8po.jpg,0
v00f3px2.jpg,4
v0gwv4qy.jpg,3
v0xh643w.jpg,2
v1i0qbbq.jpg,0
v1jgl2co.jpg,2
v255ga1q.jpg,0
v27en4gd.jpg,5
v28q6zt1.jpg,2
v2iucysm.jpg,1
v2sav3yg.jpg,2
v2t00xu9.jpg,5
v2x7l6ev.jpg,7
v2xivj07.jpg,3
v2xv2ni9.jpg,1
v36x9oc2.jpg,4
v3b2aqht.jpg,0
v3d0btbw.jpg,12
v3q8ct2k.jpg,0
v3qceo7p.jpg,1
v4ggzmhe.jpg,0
v4j4akuw.jpg,1
v4t0i4f2.jpg,0
v5i0x3va.jpg,0
v5sax7yw.jpg,0
v6c76gb6.jpg,9
v6ls4d39.jpg,1
v6oko5yx.jpg,1
v78uhtsh.jpg,0
v7hb7vdg.jpg,3
v7l22jav.jpg,17
v7zh9szn.jpg,3
v81hnz7b.jpg,0
v825gxtc.jpg,0
v8x0yisb.jpg,2
v9hs6wuv.jpg,1
v9rxwv03.jpg,0
v9ze3yvb.jpg,1
va11hgdk.jpg,1
vaaa95js.jpg,4
vabq9l42.jpg,6
vahtim52.jpg,5
valczrui.jpg,0
vap1utzz.jpg,3
vaq5mdgq.jpg,18
vb2snp4p.jpg,6
vb95g5xm.jpg,8
vbcjbs95.jpg,0
vbnmhhg2.jpg,0
vbouch5h.jpg,0
vc64g79h.jpg,1
vc8m27ci.jpg,6
vcfmglso.jpg,0
vcmnue89.jpg,4
vcwte7rc.jpg,3
vczp7d5x.jpg,0
vd1a3qy1.jpg,2
vdldaip8.jpg,0
vefyjlxk.jpg,4
vei16iuk.jpg,0
ves8f2lu.jpg,0
vf6w8s6v.jpg,0
vfa1j6c7.jpg,0
vfjcxrnl.jpg,0
vgh6ac2e.jpg,0
vglgfzlw.jpg,3
vguc6tfo.jpg,0
vh0cvkot.jpg,0
vh3kidk6.jpg,0
vh5hijv0.jpg,0
vh71oqbt.jpg,2
vhdx3x0u.jpg,0
vhi3i8t8.jpg,1
vhnzgmv6.jpg,1
vhrmdznv.jpg,3
vhxyzte1.jpg,1
viceb0oa.jpg,0
vifyk5v5.jpg,0
vine1t89.jpg,0
viojex2a.jpg,0
viyux8zh.jpg,0
vj4tektp.jpg,3
vj59j54e.jpg,1
vjj3v84f.jpg,0
vjjxul6p.jpg,1
vkarhmue.jpg,1
vklwbbie.jpg,8
vko7snch.jpg,4
vl2y71f9.jpg,1
vl3a0a7z.jpg,2
vl3ti1z7.jpg,0
vl42xucx.jpg,0
vl9l2mnt.jpg,0
vldhm21q.jpg,1
vm4b7qfh.jpg,24
vm72s92a.jpg,0
vmdi7d1q.jpg,0
vmokxa27.jpg,45
voa9uc4y.jpg,0
vohv4zla.jpg,0
vomdnkid.jpg,0
vosg4f30.jpg,0
vouk6apc.jpg,1
vp0uhbze.jpg,0
vpfnfadv.jpg,1
vpgbj3mj.jpg,2
vpne5n0r.jpg,0
vpwmr4gd.jpg,6
vpwu6e1w.jpg,0
vq5ro2v4.jpg,0
vq60mgrc.jpg,0
vqka8t8q.jpg,0
vqnag19x.jpg,14
vqpdzmup.jpg,2
vqs48jgy.jpg,3
vrkj9a57.jpg,0
vrlbvn9w.jpg,1
vrplty7l.jpg,7
vs1f2py0.jpg,0
vs5ir56o.jpg,1
vs7cm4ix.jpg,0
vsclyvg5.jpg,1
vsqgct8y.jpg,0
vt9wsfjp.jpg,0
vtbtfq4p.jpg,0
vti6tn5p.jpg,0
vu0rv4lp.jpg,2
vufd754s.jpg,0
vvbgg0k3.jpg,15
vvh44dll.jpg,0
vvlnlde1.jpg,5
vvn6iw8h.jpg,0
vvqiakuy.jpg,11
vvyejxwe.jpg,2
vwapkshq.jpg,6
vx3xafi6.jpg,0
vx5lwnxq.jpg,0
vx72pyt9.jpg,0
vxlwcgw7.jpg,0
vxurt2ws.jpg,4
vxwrcj4t.jpg,2
vyejco4n.jpg,0
vz2uf0xw.jpg,3
vzv27t1m.jpg,0
vzyla8p0.jpg,0
vzzupjti.jpg,0
w0t4feop.jpg,1
w0ucae71.jpg,0
w1ch168r.jpg,0
w1im5vg7.jpg,5
w27tehut.jpg,5
w2kck67b.jpg,0
w2npp1vj.jpg,8
w2p5119g.jpg,0
w2s6350f.jpg,0
w2ua3v3d.jpg,0
w326e10b.jpg,0
w3rc7xsb.jpg,4
w3t7b0tc.jpg,9
w3tl9esg.jpg,2
w4ftx6jo.jpg,2
w4jhjfgi.jpg,5
w4jkne7o.jpg,0
w5asftxf.jpg,34
w5cuikp7.jpg,3
w5ixk2j6.jpg,0
w5k9bsc5.jpg,9
w688bvh0.jpg,4
w68grpsb.jpg,0
w6gxm73m.jpg,5
w6ql3url.jpg,0
w6qnr5k3.jpg,1
w6ygmqfh.jpg,0
w7nuhwzw.jpg,9
w839o4k0.jpg,4
w8cl1v3h.jpg,6
w8hmh75u.jpg,1
w8lpdza4.jpg,2
w8ohd402.jpg,1
w8s6fu3y.jpg,1
w92bx16q.jpg,1
w9ta99az.jpg,0
w9upya5a.jpg,0
wa3jczz6.jpg,2
warmajsb.jpg,1
was99vgm.jpg,18
wave69te.jpg,1
wb3ubf3b.jpg,4
wbtm9lr7.jpg,10
wc2rj8sd.jpg,0
wc3332vp.jpg,0
wc453gop.jpg,0
wc97as3w.jpg,0
wcedvs2x.jpg,0
wdc3nohz.jpg,1
wdq8q8l9.jpg,0
wdwuz0hw.jpg,0
wdzcrip7.jpg,0
we4tmjyn.jpg,0
wehv3gns.jpg,0
wer4y9pz.jpg,3
wev3zubu.jpg,0
wf24m6vu.jpg,0
wfa4sbvl.jpg,0
wfl3u7u4.jpg,0
wfpof35g.jpg,0
wfqe8nc8.jpg,0
wgdyf37r.jpg,0
wgwqgrpo.jpg,4
whegywu6.jpg,8
whjh1mqi.jpg,0
wj9ju3ls.jpg,0
wja6w90e.jpg,0
wjgifw9g.jpg,0
wjiktqe2.jpg,0
wjksd5cx.jpg,0
wjo30txn.jpg,3
wjoofof5.jpg,4
wjs9duyj.jpg,9
wjzg3nus.jpg,0
wk2p2not.jpg,3
wk9yjdli.jpg,51
wkin4rsn.jpg,0
wksjd39a.jpg,1
wl9oszcm.jpg,5
wla1cdy5.jpg,2
wlpgiavr.jpg,0
wm8c0fk6.jpg,7
wn2vmlyd.jpg,0
wn4s93fl.jpg,28
wndh9i7a.jpg,1
wngubsjw.jpg,1
wnmff1ol.jpg,7
wnylfn24.jpg,0
wo5u9nwn.jpg,28
wo9embyi.jpg,1
wotge3ig.jpg,1
wov05hze.jpg,0
wp3ac9ss.jpg,0
wpurtfzf.jpg,0
wq7joi37.jpg,0
wq9tr2p8.jpg,0
wqbci5bd.jpg,2
wqhy299a.jpg,16
wqzgbypq.jpg,7
wr8l90r8.jpg,1
wrht0fpa.jpg,0
wrn0wqsg.jpg,7
wscy1uym.jpg,0
wuh8n5a3.jpg,0
wuyyst2j.jpg,0
wv0o5zmn.jpg,1
wv7ptfyo.jpg,1
wv91gr8e.jpg,4
wvihfncg.jpg,0
wvlnrbbr.jpg,0
wvmuj51g.jpg,4
wwavzx8g.jpg,0
wwezmt6z.jpg,0
wx8poe4y.jpg,0
wxnb9ub5.jpg,0
wxtu8p4t.jpg,1
wxu9xchl.jpg,5
wxup994v.jpg,8
wy8gp3y1.jpg,1
wyddno76.jpg,0
wyjad58d.jpg,2
wypgh9td.jpg,0
wypu4up6.jpg,0
wzcxhlgp.jpg,0
wzwvl5mo.jpg,0
x00nkqlf.jpg,6
x01iou8s.jpg,4
x02odclu.jpg,1
x02p6zfv.jpg,0
x0n7pkpb.jpg,3
x1r1qxpk.jpg,1
x1xmm79v.jpg,9
x1z2s6w4.jpg,0
x22r6j78.jpg,1
x245hx3a.jpg,0
x2bmo7fw.jpg,1
x2jezls4.jpg,6
x2pndip8.jpg,1
x35tovgf.jpg,2
x3sof3ei.jpg,0
x47z6qqu.jpg,0
x489a21t.jpg,0
x4i9mp7u.jpg,0
x4t4oicc.jpg,0
x4znvc7g.jpg,32
x56rlzf7.jpg,2
x5kodxpn.jpg,2
x5rb4cso.jpg,0
x647gg6e.jpg,0
x64o4vyf.jpg,1
x6n22xb2.jpg,0
x6rrsouf.jpg,4
x74v65w2.jpg,1
x7bvnp58.jpg,1
x7d676yg.jpg,27
x7kwxfk3.jpg,1
x7lgy4vm.jpg,4
x7uvdidj.jpg,10
x888c9gl.jpg,8
x8fruva3.jpg,14
x8hmf1gr.jpg,0
x8i52wn2.jpg,0
x8o38g7e.jpg,4
x957eafz.jpg,4
x96egi6s.jpg,0
x9b52nrn.jpg,3
x9hlm451.jpg,0
x9iulxz5.jpg,0
xa183mx4.jpg,0
xae8ygkp.jpg,0
xah47sb9.jpg,0
xapvqg1w.jpg,2
xc4pqr8p.jpg,0
xc7qqcd6.jpg,1
xcxfhfq6.jpg,3
xd26rq1o.jpg,0
xd5jj75u.jpg,4
xdawd3is.jpg,5
xdncq3tm.jpg,2
xdu8saix.jpg,0
xdzgkbv5.jpg,0
xdzre0qw.jpg,0
xec8gyfh.jpg,13
xepdx5ez.jpg,18
xf4f9sox.jpg,0
xf7nkf8b.jpg,5
xfbp4fmb.jpg,8
xfd4n5gh.jpg,2
xftzonzg.jpg,2
xfwvxsu0.jpg,47
xg0is0g7.jpg,0
xhowqr7f.jpg,0
xhqf96r7.jpg,1
xia4s55p.jpg,0
xieg2gmt.jpg,0
xilxq8rh.jpg,0
xitjcwb6.jpg,0
xk3s4w4i.jpg,6
xkuwkhtv.jpg,0
xl04lsvd.jpg,2
xlmfe121.jpg,2
xluoufmt.jpg,5
xlv0n63e.jpg,0
xlwusrbs.jpg,0
xly7mr82.jpg,1
xmj2aib1.jpg,0
xmlhbmob.jpg,1
xmmd730s.jpg,0
xmqak1e7.jpg,0
xno38f3w.jpg,4
xns9w5a1.jpg,2
xnutauxd.jpg,0
xobmn4fz.jpg,1
xohipee3.jpg,0
xohiunjf.jpg,0
xok4yl0g.jpg,0
xp2k99yc.jpg,1
xpfy0xvc.jpg,0
xporycfn.jpg,1
xq23mqz0.jpg,6
xq83cq7i.jpg,0
xqfnl9ki.jpg,3
xqvklz1k.jpg,8
xqw0g7sl.jpg,0
xqwanxvf.jpg,18
xqx4bksc.jpg,30
xra2o4c8.jpg,0
xrvniv1e.jpg,2
xsoexlen.jpg,4
xswq1765.jpg,0
xt67olbc.jpg,0
xt8i6p47.jpg,0
xu3rnkfo.jpg,0
xuxcbblj.jpg,0
xuz4v7t8.jpg,1
xv57wy4n.jpg,14
xv6dx5c5.jpg,0
xvlg10dk.jpg,2
xvso6167.jpg,2
xvvq2njg.jpg,0
xvyf0qys.jpg,6
xvynm305.jpg,0
xw4mc8s8.jpg,0
xwwmypcb.jpg,1
xx42xun5.jpg,0
xxh4w97l.jpg,0
xxnzxlwd.jpg,0
xy3arvzp.jpg,0
xyhwf6rq.jpg,0
xzfrx6fn.jpg,5
xzoju624.jpg,7
xzr3lyq3.jpg,0
xzx49hz9.jpg,0
y029k569.jpg,0
y07l0xks.jpg,1
y0kic7b3.jpg,23
y0v7cb9s.jpg,0
y122yj72.jpg,0
y1nxcqff.jpg,7
y212tgb9.jpg,0
y2hjlhm2.jpg,0
y3cx5216.jpg,1
y3gze0s3.jpg,6
y3skr1q3.jpg,1
y490rpam.jpg,2
y4urrb0z.jpg,3
y5tmcpn0.jpg,17
y5vwvlva.jpg,2
y5yu3uzk.jpg,0
y6j7bo7u.jpg,15
y6vga4rb.jpg,0
y77evova.jpg,0
y7a3t7fo.jpg,4
y8ed576b.jpg,1
y99v6lov.jpg,32
y9hrw7rt.jpg,1
y9k3h3e6.jpg,2
ya0npa0i.jpg,0
ya1kz6y0.jpg,18
ya5ba8se.jpg,4
yauqzk6r.jpg,0
ybehs1fl.jpg,0
ybkv02in.jpg,0
ybna77ef.jpg,3
ybw4m428.jpg,0
ybxaosw0.jpg,1
yc8m2sqc.jpg,0
ycr8tmy7.jpg,10
ycsleqem.jpg,0
yctbly23.jpg,6
ycv41tu8.jpg,0
yd1b3e61.jpg,1
yd7j3t1r.jpg,1
yd9s7qbq.jpg,7
ydj61zeu.jpg,1
ydmylhw3.jpg,0
ydudehyx.jpg,0
ydy880vf.jpg,1
yec12i2x.jpg,0
yevamc2l.jpg,0
yexvwwqu.jpg,1
yf3e9ohq.jpg,2
yf5q0jvm.jpg,4
yf7gfj1y.jpg,0
yfdkkkgy.jpg,10
yfhhc20s.jpg,2
yfjiu1cd.jpg,2
yfocgj48.jpg,1
yfsgc8by.jpg,2
ygh4892q.jpg,16
yhb6atyt.jpg,13
yhmz7fki.jpg,1
yhqgqbs9.jpg,0
yhzm0gwe.jpg,0
yi3riudj.jpg,4
yi9a5goj.jpg,0
yilkawva.jpg,0
yj2ydpwf.jpg,0
yj4t7l8w.jpg,0
yjo8tjrm.jpg,1
yjpny4ni.jpg,2
yjq7g0j7.jpg,2
ykmztk6v.jpg,1
ykr0u5fz.jpg,10
yl24okhz.jpg,5
yl2owaq2.jpg,3
ylbbd5hr.jpg,3
ylfu7kfy.jpg,10
ylgdb37b.jpg,0
yln74o72.jpg,0
ym8xr6jm.jpg,1
ymaeokpd.jpg,9
yn8oi7s3.jpg,18
ynwbgrjl.jpg,1
ynwsp2gj.jpg,2
yogckpp6.jpg,0
yojmrn2v.jpg,3
yojwm40c.jpg,0
yop6sdoe.jpg,12
yoy38ltg.jpg,49
yp09t0or.jpg,0
yp93ppv3.jpg,1
yp9fv36n.jpg,0
ypdvcsbj.jpg,1
yq79f4li.jpg,3
yq8o324j.jpg,1
yqmk0knh.jpg,0
yqx192dp.jpg,3
yr2k46r4.jpg,0
yra5n9qc.jpg,4
yrxl8t0e.jpg,1
ys1mcfai.jpg,1
ysdewee9.jpg,0
ysicuh9z.jpg,0
ysix1zqi.jpg,4
ysjhxhen.jpg,0
yt0dpe8r.jpg,0
yt96yhsq.jpg,7
ytbnobz4.jpg,4
ytjzs4y0.jpg,0
ytq2h699.jpg,0
ytu88r99.jpg,0
ytzurdnj.jpg,5
yu1mh4ia.jpg,1
yucaezxc.jpg,0
yuiir2v3.jpg,4
yvf7wrbe.jpg,4
yvja6cag.jpg,1
yvjkacfl.jpg,5
yvoxouxh.jpg,0
yvoyz73u.jpg,0
yvppzcso.jpg,0
yvxwevlh.jpg,0
yw2uxb5l.jpg,4
ywebgr2c.jpg,2
ywfd5b1i.jpg,9
ywiewegg.jpg,1
ywj8d8ig.jpg,1
ywj936qa.jpg,0
ywludi1p.jpg,0
ywr8pqds.jpg,3
ywwbsvqg.jpg,0
yx2pkron.jpg,1
yxaay3ke.jpg,0
yxc09j0y.jpg,0
yydcsbc3.jpg,0
yyvqjnb4.jpg,0
yz88036g.jpg,2
yzj9m1xg.jpg,0
z04v9e5m.jpg,1
z052w59m.jpg,5
z0g1p1uj.jpg,18
z0uzozoq.jpg,0
z1710wy4.jpg,3
z171qhne.jpg,7
z1kekr72.jpg,1
z1pjmnxa.jpg,0
z1s7uxs7.jpg,0
z1sslkfj.jpg,0
z21f7q2s.jpg,0
z269zd4q.jpg,0
z2aq8n0r.jpg,0
z2pqabp9.jpg,6
z2yp250l.jpg,0
z3qckr23.jpg,0
z42fo5pr.jpg,2
z4soi263.jpg,0
z59f1oa4.jpg,0
z5bl6106.jpg,0
z5nnvbno.jpg,1
z5r0wtk3.jpg,0
z618570x.jpg,0
z64sd7gx.jpg,1
z6c50uhu.jpg,0
z6gmw682.jpg,28
z6q9oovy.jpg,0
z6yvlsrh.jpg,1
z71jhofk.jpg,0
z73iaup6.jpg,1
z74rx1i5.jpg,0
z75ab3t6.jpg,0
z7vbyreu.jpg,0
z8cdxbkz.jpg,17
z8po92x9.jpg,0
z97qu4zg.jpg,1
za7psr1q.jpg,1
zaefzx8t.jpg,0
zafww4i3.jpg,0
zahumhqv.jpg,1
zatc3kc2.jpg,0
zayzsoog.jpg,0
zccknl1e.jpg,1
zd94zuna.jpg,1
zd95vmkd.jpg,8
zd9qep6k.jpg,0
zdcfzkpv.jpg,9
zde5qd67.jpg,0
zeb4dlty.jpg,4
zejckeqz.jpg,0
zf5fjwn9.jpg,0
zfj99ohy.jpg,0
zfnokukm.jpg,30
zft1qkqx.jpg,7
zfwmlous.jpg,0
zfxrzgez.jpg,7
zg2s3pcp.jpg,4
zg3i3dkp.jpg,0
zg8p5mol.jpg,2
zh1ov2oq.jpg,1
zhci70pq.jpg,1
zhhwh8ea.jpg,1
zhiz915h.jpg,0
zhn7amix.jpg,0
zi0bojj8.jpg,1
zi37yztj.jpg,0
zicuapaz.jpg,42
zil5ej0o.jpg,0
ziv2uyas.jpg,1
zj2bjzwh.jpg,3
zj6ue9g0.jpg,3
zjdhar6e.jpg,0
zk1bxkqu.jpg,1
zkfs7j7b.jpg,0
zlbx1qpf.jpg,6
zm0ahs3t.jpg,1
zm5cv1x7.jpg,1
zmsviwjq.jpg,0
zmy5e9ab.jpg,0
zn1x7fih.jpg,0
zn2at6fv.jpg,8
zn9cyc9r.jpg,21
zneowz3n.jpg,0
znmbgzp5.jpg,0
znxey300.jpg,1
zo0bmlnd.jpg,0
zobvcmpf.jpg,0
zocb1sd3.jpg,3
zom5lce4.jpg,0
zomed9vy.jpg,1
zoqjahpa.jpg,2
zoqxcuvv.jpg,0
zoxsnuya.jpg,2
zoytyzn9.jpg,4
zp3ua31t.jpg,2
zpt6pbzj.jpg,0
zpyr3gta.jpg,0
zqhqv2gw.jpg,0
zqj1pb0a.jpg,0
zqwvmpmh.jpg,0
zr3hnf2u.jpg,0
zr4j8sed.jpg,0
zrt6vazh.jpg,1
zs0o0dpd.jpg,3
zs8ou3hh.jpg,0
zsdcj2y0.jpg,0
zswqqerf.jpg,2
zsz6sd13.jpg,2
zt2aqmi3.jpg,1
zthdz4vf.jpg,0
ztp6ql3i.jpg,8
ztw4o38k.jpg,0
zu01ek14.jpg,0
zu1rpj6a.jpg,0
zuyrcjmx.jpg,3
zvnbkrvq.jpg,3
zwnxixju.jpg,0
zwochj66.jpg,1
zwp02kas.jpg,0
zwwhum6v.jpg,2
zx0bqkmx.jpg,0
zx14xp1j.jpg,7
zx48xvxs.jpg,0
zx9exkdw.jpg,0
zxfhwbki.jpg,0
zxgm3ar3.jpg,1
zy7m9c8x.jpg,9
zynixpux.jpg,8
zyylqfs0.jpg,0
zzhe6767.jpg,16
zzipq9zn.jpg,0
zzvom0ax.jpg,1
zzvth22q.jpg,0
